deployment_id,service_id,date_id,time_id,change_type,pr_count
DEP00001,SRV010,2026-06-27,1901,Config,3
DEP00002,SRV002,2025-11-20,902,Rollback,3
DEP00003,SRV008,2026-08-05,249,Rollback,4
DEP00004,SRV003,2026-08-11,1383,Rollback,4
DEP00005,SRV001,2025-03-13,798,Config,3
DEP00006,SRV005,2025-07-26,757,Rollback,2
DEP00007,SRV001,2026-11-02,1023,Rollback,3
DEP00008,SRV001,2026-06-13,384,Code,1
DEP00009,SRV010,2025-04-27,1252,Rollback,1
DEP00010,SRV007,2025-01-27,1090,Rollback,2
DEP00011,SRV008,2025-09-10,1405,Code,3
DEP00012,SRV001,2026-06-30,1256,Code,3
DEP00013,SRV002,2025-11-27,2313,Config,4
DEP00014,SRV001,2026-04-18,1535,Rollback,3
DEP00015,SRV009,2026-01-25,1447,Rollback,4
DEP00016,SRV008,2026-08-07,2073,Config,4
DEP00017,SRV010,2026-02-07,582,Code,4
DEP00018,SRV007,2025-08-19,491,Code,2
DEP00019,SRV003,2025-06-13,815,Rollback,1
DEP00020,SRV010,2026-01-05,425,Config,1
DEP00021,SRV004,2025-11-08,1519,Code,3
DEP00022,SRV001,2025-11-04,1162,Code,4
DEP00023,SRV003,2026-09-01,750,Rollback,3
DEP00024,SRV009,2026-06-09,1934,Config,1
DEP00025,SRV008,2025-12-21,78,Code,3
DEP00026,SRV003,2025-10-27,1066,Rollback,1
DEP00027,SRV003,2026-02-28,484,Rollback,1
DEP00028,SRV006,2026-09-25,2165,Config,2
DEP00029,SRV008,2025-05-09,48,Code,3
DEP00030,SRV003,2026-01-19,1785,Code,3
DEP00031,SRV002,2025-06-28,637,Rollback,4
DEP00032,SRV007,2025-04-15,327,Code,1
DEP00033,SRV009,2025-05-07,1564,Config,3
DEP00034,SRV008,2025-05-11,2289,Config,2
DEP00035,SRV005,2026-09-22,2118,Config,4
DEP00036,SRV003,2025-06-02,1542,Config,2
DEP00037,SRV005,2026-06-21,681,Config,3
DEP00038,SRV003,2026-09-03,1094,Code,2
DEP00039,SRV007,2025-10-10,920,Config,2
DEP00040,SRV007,2026-10-23,1396,Rollback,2
DEP00041,SRV009,2025-12-28,261,Code,4
DEP00042,SRV009,2025-07-03,2259,Rollback,1
DEP00043,SRV002,2025-04-04,43,Rollback,4
DEP00044,SRV003,2025-09-04,1075,Config,2
DEP00045,SRV006,2025-04-22,1368,Code,3
DEP00046,SRV003,2026-12-24,1090,Rollback,1
DEP00047,SRV004,2025-08-18,715,Code,1
DEP00048,SRV009,2025-09-25,1173,Code,1
DEP00049,SRV004,2025-09-18,902,Config,2
DEP00050,SRV001,2026-10-16,1824,Code,2
DEP00051,SRV001,2026-08-20,1878,Config,3
DEP00052,SRV008,2025-10-16,450,Rollback,1
DEP00053,SRV003,2025-08-03,1585,Config,2
DEP00054,SRV010,2026-10-07,882,Code,4
DEP00055,SRV008,2025-03-06,1262,Config,1
DEP00056,SRV004,2026-04-30,1930,Config,1
DEP00057,SRV010,2026-05-01,1968,Code,4
DEP00058,SRV009,2026-04-07,1745,Rollback,4
DEP00059,SRV007,2025-02-23,150,Rollback,4
DEP00060,SRV001,2025-06-24,2122,Config,4
DEP00061,SRV003,2025-09-15,1251,Code,1
DEP00062,SRV003,2026-10-21,1116,Rollback,4
DEP00063,SRV008,2026-11-02,1916,Config,4
DEP00064,SRV009,2026-01-27,1754,Config,1
DEP00065,SRV005,2026-07-01,2020,Code,2
DEP00066,SRV010,2025-10-08,712,Code,3
DEP00067,SRV003,2026-10-10,439,Config,4
DEP00068,SRV004,2026-12-06,2015,Config,3
DEP00069,SRV010,2026-01-09,1727,Config,2
DEP00070,SRV010,2025-06-12,1501,Code,1
DEP00071,SRV003,2025-10-05,2237,Rollback,3
DEP00072,SRV010,2026-11-18,1575,Code,4
DEP00073,SRV001,2025-05-03,2108,Code,2
DEP00074,SRV001,2025-10-21,438,Code,4
DEP00075,SRV003,2026-10-08,1620,Rollback,3
DEP00076,SRV009,2026-03-19,654,Rollback,2
DEP00077,SRV001,2025-07-23,318,Config,4
DEP00078,SRV006,2025-11-03,968,Rollback,3
DEP00079,SRV003,2026-03-15,771,Code,3
DEP00080,SRV005,2025-07-23,1481,Rollback,4
DEP00081,SRV007,2026-03-31,936,Rollback,1
DEP00082,SRV006,2026-05-29,1482,Config,1
DEP00083,SRV005,2025-03-12,433,Code,3
DEP00084,SRV008,2025-06-15,2117,Rollback,4
DEP00085,SRV010,2026-07-17,640,Config,2
DEP00086,SRV008,2025-01-27,1165,Code,1
DEP00087,SRV007,2025-08-04,441,Config,4
DEP00088,SRV007,2026-05-14,1802,Rollback,4
DEP00089,SRV008,2026-04-16,48,Config,2
DEP00090,SRV010,2026-08-20,2166,Config,3
DEP00091,SRV005,2026-02-13,1548,Code,1
DEP00092,SRV001,2026-12-19,738,Rollback,1
DEP00093,SRV004,2026-07-01,1334,Code,4
DEP00094,SRV002,2025-12-23,2332,Code,4
DEP00095,SRV009,2025-07-15,1947,Config,3
DEP00096,SRV002,2026-05-06,2274,Code,4
DEP00097,SRV007,2025-06-20,956,Code,2
DEP00098,SRV002,2026-08-05,1655,Rollback,4
DEP00099,SRV010,2025-06-10,1058,Code,1
DEP00100,SRV006,2026-08-13,2128,Config,2
DEP00101,SRV008,2025-07-30,2000,Config,3
DEP00102,SRV008,2025-06-12,1949,Config,3
DEP00103,SRV009,2026-06-26,2253,Rollback,3
DEP00104,SRV008,2025-01-23,825,Code,1
DEP00105,SRV003,2026-04-08,2283,Config,4
DEP00106,SRV009,2026-12-01,329,Code,3
DEP00107,SRV008,2025-03-24,1389,Code,2
DEP00108,SRV010,2026-10-17,1285,Code,2
DEP00109,SRV009,2025-12-16,1253,Code,2
DEP00110,SRV004,2026-02-11,2228,Config,4
DEP00111,SRV007,2026-04-08,1375,Code,4
DEP00112,SRV010,2026-07-17,1416,Rollback,2
DEP00113,SRV007,2026-09-16,1095,Config,2
DEP00114,SRV008,2025-01-25,1361,Code,1
DEP00115,SRV008,2025-06-08,2014,Rollback,4
DEP00116,SRV010,2025-01-10,2118,Code,3
DEP00117,SRV010,2026-05-31,967,Code,1
DEP00118,SRV002,2026-03-20,1841,Config,3
DEP00119,SRV008,2025-07-31,1048,Rollback,2
DEP00120,SRV009,2025-02-10,1852,Code,3
DEP00121,SRV007,2025-05-01,2238,Rollback,4
DEP00122,SRV009,2025-09-28,1345,Rollback,3
DEP00123,SRV005,2025-06-03,806,Rollback,2
DEP00124,SRV006,2026-08-12,2060,Config,2
DEP00125,SRV005,2025-12-16,2320,Code,1
DEP00126,SRV010,2026-07-13,1770,Rollback,1
DEP00127,SRV005,2026-05-27,858,Code,1
DEP00128,SRV009,2025-07-09,1928,Rollback,4
DEP00129,SRV009,2025-02-11,1494,Code,4
DEP00130,SRV007,2026-07-07,1112,Code,1
DEP00131,SRV010,2025-05-14,1184,Code,4
DEP00132,SRV007,2025-02-06,374,Code,4
DEP00133,SRV007,2025-11-17,1427,Rollback,2
DEP00134,SRV008,2026-10-10,1058,Config,2
DEP00135,SRV001,2026-07-01,2180,Rollback,2
DEP00136,SRV009,2026-08-25,225,Config,4
DEP00137,SRV001,2026-11-02,1614,Config,4
DEP00138,SRV005,2026-03-20,1741,Code,1
DEP00139,SRV008,2026-02-18,1071,Rollback,3
DEP00140,SRV005,2025-10-24,1252,Code,2
DEP00141,SRV002,2026-07-30,2094,Config,4
DEP00142,SRV006,2025-05-22,686,Config,2
DEP00143,SRV006,2025-04-12,228,Rollback,1
DEP00144,SRV010,2026-05-08,524,Rollback,3
DEP00145,SRV004,2025-10-28,2267,Code,3
DEP00146,SRV003,2026-08-13,1962,Config,3
DEP00147,SRV002,2026-12-20,1250,Code,1
DEP00148,SRV009,2025-09-27,1274,Code,3
DEP00149,SRV006,2026-12-10,1163,Rollback,1
DEP00150,SRV009,2025-07-04,764,Config,4
DEP00151,SRV003,2025-09-10,2123,Rollback,4
DEP00152,SRV007,2025-02-09,1213,Rollback,3
DEP00153,SRV006,2025-10-17,509,Rollback,3
DEP00154,SRV002,2025-05-09,950,Config,4
DEP00155,SRV010,2025-08-18,1595,Config,4
DEP00156,SRV004,2025-08-11,1127,Code,1
DEP00157,SRV001,2026-04-01,2195,Rollback,3
DEP00158,SRV005,2025-08-07,1024,Rollback,2
DEP00159,SRV006,2025-06-10,1291,Rollback,4
DEP00160,SRV008,2025-10-08,281,Config,2
DEP00161,SRV008,2026-02-28,396,Code,3
DEP00162,SRV001,2026-08-15,2314,Rollback,1
DEP00163,SRV002,2025-08-17,1751,Config,4
DEP00164,SRV010,2026-03-07,2085,Config,1
DEP00165,SRV009,2025-09-18,842,Rollback,3
DEP00166,SRV002,2025-09-26,319,Code,2
DEP00167,SRV010,2026-08-01,656,Config,3
DEP00168,SRV004,2025-08-07,1896,Rollback,4
DEP00169,SRV003,2026-07-04,348,Rollback,4
DEP00170,SRV004,2025-03-01,577,Config,2
DEP00171,SRV006,2026-11-25,840,Code,2
DEP00172,SRV010,2026-09-16,150,Rollback,4
DEP00173,SRV009,2026-10-09,2090,Code,4
DEP00174,SRV006,2026-07-19,229,Code,2
DEP00175,SRV010,2026-02-27,1868,Code,1
DEP00176,SRV005,2025-06-22,2271,Code,2
DEP00177,SRV006,2025-05-28,699,Code,4
DEP00178,SRV005,2026-07-19,19,Config,2
DEP00179,SRV008,2025-09-07,1442,Config,2
DEP00180,SRV008,2026-09-26,59,Config,3
DEP00181,SRV005,2026-03-08,781,Rollback,1
DEP00182,SRV010,2026-05-26,582,Code,4
DEP00183,SRV003,2025-04-12,687,Rollback,3
DEP00184,SRV006,2025-11-10,2151,Code,3
DEP00185,SRV002,2026-06-20,902,Rollback,4
DEP00186,SRV001,2026-11-09,2149,Code,2
DEP00187,SRV006,2025-10-01,929,Config,4
DEP00188,SRV007,2026-04-07,866,Code,2
DEP00189,SRV001,2025-10-02,878,Rollback,1
DEP00190,SRV008,2025-01-06,1577,Config,1
DEP00191,SRV004,2026-03-25,983,Code,3
DEP00192,SRV009,2026-08-11,1598,Code,2
DEP00193,SRV009,2025-04-05,612,Code,1
DEP00194,SRV001,2026-11-12,1951,Config,2
DEP00195,SRV005,2026-11-13,69,Code,3
DEP00196,SRV003,2025-07-25,1337,Code,1
DEP00197,SRV003,2026-09-21,736,Rollback,2
DEP00198,SRV002,2025-08-29,522,Rollback,4
DEP00199,SRV001,2025-05-31,1704,Code,3
DEP00200,SRV008,2025-10-02,972,Rollback,4
DEP00201,SRV006,2025-01-01,2094,Rollback,2
DEP00202,SRV005,2026-08-01,2182,Config,3
DEP00203,SRV010,2026-03-12,2336,Config,3
DEP00204,SRV005,2026-01-02,1137,Code,3
DEP00205,SRV007,2025-07-22,913,Rollback,2
DEP00206,SRV003,2026-03-17,1219,Rollback,2
DEP00207,SRV008,2026-11-07,45,Rollback,4
DEP00208,SRV010,2026-04-29,2355,Config,3
DEP00209,SRV001,2026-09-09,1202,Rollback,2
DEP00210,SRV002,2025-08-08,449,Rollback,3
DEP00211,SRV003,2025-04-23,960,Code,2
DEP00212,SRV005,2026-12-24,1155,Config,4
DEP00213,SRV006,2025-08-28,1064,Rollback,2
DEP00214,SRV008,2026-01-11,1857,Code,3
DEP00215,SRV004,2026-09-22,1142,Code,4
DEP00216,SRV007,2026-04-29,769,Config,4
DEP00217,SRV001,2025-09-30,737,Code,2
DEP00218,SRV008,2026-06-20,2153,Code,4
DEP00219,SRV010,2026-07-30,992,Code,1
DEP00220,SRV005,2025-10-29,327,Rollback,1
DEP00221,SRV008,2025-10-21,1281,Rollback,4
DEP00222,SRV007,2025-11-08,519,Rollback,2
DEP00223,SRV002,2025-11-25,938,Code,1
DEP00224,SRV006,2025-03-13,179,Code,4
DEP00225,SRV004,2026-08-11,1212,Code,3
DEP00226,SRV008,2026-07-20,703,Rollback,2
DEP00227,SRV003,2025-07-04,2043,Rollback,4
DEP00228,SRV006,2026-06-18,1676,Code,4
DEP00229,SRV004,2026-01-20,1656,Code,2
DEP00230,SRV009,2025-12-17,1928,Rollback,4
DEP00231,SRV002,2025-09-13,1739,Code,3
DEP00232,SRV009,2026-03-24,2144,Code,3
DEP00233,SRV008,2026-12-14,1320,Code,4
DEP00234,SRV007,2025-12-22,557,Rollback,2
DEP00235,SRV008,2025-04-23,1566,Rollback,2
DEP00236,SRV005,2025-03-16,1462,Code,3
DEP00237,SRV003,2025-05-28,2025,Rollback,4
DEP00238,SRV007,2026-09-04,544,Rollback,4
DEP00239,SRV006,2026-01-19,1319,Rollback,4
DEP00240,SRV010,2026-12-27,218,Rollback,4
DEP00241,SRV002,2025-10-27,2236,Config,3
DEP00242,SRV001,2025-12-20,17,Config,1
DEP00243,SRV002,2025-11-05,46,Rollback,1
DEP00244,SRV001,2025-01-06,1842,Rollback,2
DEP00245,SRV001,2026-02-10,1794,Config,3
DEP00246,SRV004,2026-02-13,276,Config,2
DEP00247,SRV004,2025-02-04,465,Code,1
DEP00248,SRV003,2025-10-10,1708,Config,1
DEP00249,SRV003,2025-09-18,67,Config,4
DEP00250,SRV002,2026-07-20,917,Code,4
DEP00251,SRV005,2026-04-08,1451,Code,4
DEP00252,SRV007,2025-10-05,1780,Rollback,3
DEP00253,SRV010,2026-12-14,1926,Code,3
DEP00254,SRV003,2026-05-09,1795,Config,4
DEP00255,SRV006,2026-10-17,702,Config,4
DEP00256,SRV008,2025-06-01,322,Config,4
DEP00257,SRV007,2025-01-14,363,Rollback,1
DEP00258,SRV009,2026-08-22,1524,Code,4
DEP00259,SRV001,2026-12-29,1503,Config,4
DEP00260,SRV006,2025-09-05,2025,Rollback,2
DEP00261,SRV001,2025-02-23,2102,Code,2
DEP00262,SRV009,2026-06-20,2089,Rollback,4
DEP00263,SRV002,2026-11-10,2057,Code,3
DEP00264,SRV007,2025-09-17,1644,Code,1
DEP00265,SRV003,2026-05-21,1184,Code,3
DEP00266,SRV002,2026-01-24,462,Code,4
DEP00267,SRV008,2025-03-10,831,Code,3
DEP00268,SRV001,2026-01-10,1875,Rollback,3
DEP00269,SRV009,2026-06-18,717,Rollback,1
DEP00270,SRV010,2026-11-01,1409,Code,1
DEP00271,SRV006,2025-10-03,5,Code,3
DEP00272,SRV006,2026-07-16,366,Code,3
DEP00273,SRV010,2026-12-13,2055,Config,1
DEP00274,SRV009,2025-08-20,1113,Config,2
DEP00275,SRV006,2026-03-25,2259,Config,3
DEP00276,SRV001,2026-06-15,1191,Config,4
DEP00277,SRV002,2025-01-16,1179,Rollback,4
DEP00278,SRV009,2026-01-10,817,Rollback,3
DEP00279,SRV009,2026-11-09,1545,Code,3
DEP00280,SRV007,2026-08-24,251,Rollback,2
DEP00281,SRV003,2025-08-10,991,Config,2
DEP00282,SRV006,2026-11-25,1600,Code,1
DEP00283,SRV007,2026-01-05,1409,Code,1
DEP00284,SRV003,2026-11-20,801,Code,1
DEP00285,SRV001,2025-02-11,379,Config,3
DEP00286,SRV004,2026-06-11,1791,Code,4
DEP00287,SRV002,2026-07-23,259,Rollback,3
DEP00288,SRV008,2025-08-06,2094,Rollback,1
DEP00289,SRV008,2025-10-06,1660,Code,2
DEP00290,SRV004,2025-05-07,1488,Code,1
DEP00291,SRV004,2025-06-19,499,Config,4
DEP00292,SRV004,2026-02-03,23,Rollback,1
DEP00293,SRV007,2025-08-04,148,Config,2
DEP00294,SRV001,2026-07-06,1372,Code,1
DEP00295,SRV001,2025-04-19,767,Config,2
DEP00296,SRV002,2025-05-29,459,Code,3
DEP00297,SRV001,2026-03-17,40,Rollback,3
DEP00298,SRV004,2025-07-07,324,Rollback,2
DEP00299,SRV006,2026-10-05,841,Code,3
DEP00300,SRV010,2026-06-12,1593,Rollback,2
DEP00301,SRV009,2026-10-06,1017,Rollback,3
DEP00302,SRV006,2025-02-19,948,Code,2
DEP00303,SRV003,2026-10-28,482,Rollback,1
DEP00304,SRV009,2025-02-01,310,Rollback,2
DEP00305,SRV001,2026-01-16,837,Code,3
DEP00306,SRV003,2025-06-21,1184,Config,1
DEP00307,SRV007,2025-04-22,589,Config,3
DEP00308,SRV002,2025-12-02,1138,Config,1
DEP00309,SRV010,2025-08-24,528,Code,4
DEP00310,SRV010,2026-05-03,483,Rollback,3
DEP00311,SRV001,2026-01-04,669,Code,4
DEP00312,SRV010,2026-04-29,1533,Code,1
DEP00313,SRV002,2025-06-25,1529,Config,2
DEP00314,SRV009,2026-11-08,748,Code,4
DEP00315,SRV005,2025-11-09,2060,Config,1
DEP00316,SRV003,2025-02-06,1257,Config,3
DEP00317,SRV001,2026-04-13,287,Code,4
DEP00318,SRV003,2025-11-16,1210,Config,1
DEP00319,SRV003,2026-12-01,2232,Rollback,1
DEP00320,SRV005,2025-12-09,107,Config,2
DEP00321,SRV008,2025-10-11,1743,Code,1
DEP00322,SRV007,2025-03-12,712,Rollback,1
DEP00323,SRV001,2026-06-23,1042,Rollback,4
DEP00324,SRV009,2025-12-02,1436,Rollback,3
DEP00325,SRV007,2026-01-02,579,Code,4
DEP00326,SRV010,2026-04-03,1002,Code,2
DEP00327,SRV006,2026-02-06,1787,Code,2
DEP00328,SRV003,2025-04-23,571,Code,1
DEP00329,SRV005,2026-08-22,1789,Config,1
DEP00330,SRV006,2025-03-13,2269,Code,4
DEP00331,SRV001,2026-10-08,2206,Code,1
DEP00332,SRV010,2025-12-05,786,Rollback,3
DEP00333,SRV006,2025-05-19,1678,Code,1
DEP00334,SRV005,2025-08-13,1038,Config,3
DEP00335,SRV002,2025-10-28,2314,Config,2
DEP00336,SRV009,2026-03-16,350,Config,3
DEP00337,SRV007,2026-08-07,1795,Rollback,1
DEP00338,SRV004,2026-02-14,979,Config,2
DEP00339,SRV001,2025-07-20,135,Rollback,3
DEP00340,SRV002,2025-10-29,2312,Config,1
DEP00341,SRV006,2026-02-10,1977,Config,3
DEP00342,SRV007,2026-07-05,642,Rollback,4
DEP00343,SRV004,2025-10-28,2134,Code,4
DEP00344,SRV002,2025-03-20,2059,Rollback,3
DEP00345,SRV006,2026-03-08,17,Rollback,4
DEP00346,SRV004,2026-08-09,1835,Code,2
DEP00347,SRV005,2026-07-23,1128,Code,1
DEP00348,SRV001,2025-08-21,2134,Rollback,3
DEP00349,SRV009,2026-06-19,2328,Code,4
DEP00350,SRV006,2026-10-11,2120,Config,4
DEP00351,SRV007,2026-12-24,357,Rollback,1
DEP00352,SRV001,2026-12-03,462,Code,2
DEP00353,SRV001,2025-01-24,6,Config,1
DEP00354,SRV002,2026-10-30,1459,Config,1
DEP00355,SRV010,2026-04-01,415,Code,2
DEP00356,SRV009,2025-08-30,1929,Rollback,3
DEP00357,SRV009,2025-06-09,1190,Code,1
DEP00358,SRV005,2025-12-23,1419,Config,1
DEP00359,SRV003,2025-11-01,1947,Code,4
DEP00360,SRV003,2026-01-06,796,Code,2
DEP00361,SRV004,2026-10-30,41,Config,3
DEP00362,SRV004,2025-02-18,49,Config,4
DEP00363,SRV006,2026-12-16,430,Rollback,1
DEP00364,SRV007,2026-05-25,598,Code,2
DEP00365,SRV005,2026-04-17,776,Rollback,3
DEP00366,SRV005,2026-10-02,175,Code,3
DEP00367,SRV003,2025-12-23,2104,Code,1
DEP00368,SRV009,2026-03-06,628,Code,2
DEP00369,SRV001,2025-05-21,147,Code,2
DEP00370,SRV010,2025-03-03,2199,Code,1
DEP00371,SRV010,2026-04-28,1649,Code,4
DEP00372,SRV010,2026-06-09,1994,Config,2
DEP00373,SRV010,2026-10-29,400,Rollback,3
DEP00374,SRV008,2026-11-25,1244,Code,1
DEP00375,SRV003,2025-04-22,1256,Config,4
DEP00376,SRV002,2025-09-22,2147,Config,2
DEP00377,SRV006,2025-05-23,181,Config,4
DEP00378,SRV008,2026-08-07,364,Rollback,2
DEP00379,SRV010,2026-02-22,596,Config,1
DEP00380,SRV003,2025-07-09,2013,Config,2
DEP00381,SRV004,2026-09-11,806,Config,2
DEP00382,SRV007,2026-05-31,951,Config,3
DEP00383,SRV005,2025-07-21,1055,Rollback,3
DEP00384,SRV001,2026-07-12,861,Config,2
DEP00385,SRV010,2026-08-15,1969,Config,3
DEP00386,SRV007,2026-08-25,767,Rollback,2
DEP00387,SRV009,2025-02-04,1288,Code,3
DEP00388,SRV010,2026-10-30,698,Rollback,1
DEP00389,SRV010,2026-05-10,617,Rollback,2
DEP00390,SRV002,2026-10-01,711,Code,1
DEP00391,SRV001,2026-02-11,231,Code,1
DEP00392,SRV002,2026-03-21,632,Rollback,3
DEP00393,SRV002,2026-07-14,1844,Rollback,1
DEP00394,SRV001,2026-07-07,749,Code,4
DEP00395,SRV007,2026-12-25,992,Config,3
DEP00396,SRV004,2025-04-09,1654,Config,1
DEP00397,SRV007,2025-05-02,1208,Code,2
DEP00398,SRV001,2026-08-06,1880,Rollback,2
DEP00399,SRV006,2026-12-27,1416,Config,1
DEP00400,SRV002,2025-11-13,1155,Config,4
DEP00401,SRV007,2026-09-05,1724,Config,3
DEP00402,SRV002,2026-10-23,2242,Rollback,1
DEP00403,SRV002,2026-10-04,75,Code,1
DEP00404,SRV005,2025-01-19,1725,Code,2
DEP00405,SRV005,2025-07-23,892,Rollback,2
DEP00406,SRV006,2025-02-09,250,Code,4
DEP00407,SRV005,2025-02-24,393,Config,2
DEP00408,SRV001,2026-04-05,1436,Config,3
DEP00409,SRV008,2026-11-03,1269,Config,3
DEP00410,SRV003,2026-07-26,1342,Rollback,2
DEP00411,SRV004,2025-05-19,1622,Code,1
DEP00412,SRV007,2025-05-21,1171,Config,4
DEP00413,SRV001,2025-07-07,1812,Rollback,3
DEP00414,SRV003,2025-03-14,51,Config,4
DEP00415,SRV001,2026-01-31,808,Config,2
DEP00416,SRV002,2026-02-03,1164,Config,4
DEP00417,SRV006,2025-12-03,1778,Rollback,1
DEP00418,SRV010,2025-07-11,2305,Code,2
DEP00419,SRV001,2025-08-20,2149,Config,1
DEP00420,SRV009,2025-02-01,1180,Config,2
DEP00421,SRV005,2026-08-09,1647,Config,2
DEP00422,SRV002,2025-09-24,1623,Code,2
DEP00423,SRV002,2026-12-03,850,Config,4
DEP00424,SRV008,2025-08-18,359,Config,1
DEP00425,SRV009,2025-03-28,1002,Config,1
DEP00426,SRV008,2026-03-12,2312,Rollback,2
DEP00427,SRV006,2026-09-23,354,Code,2
DEP00428,SRV001,2026-06-21,1464,Config,4
DEP00429,SRV006,2026-11-16,1021,Code,3
DEP00430,SRV008,2026-11-24,71,Code,4
DEP00431,SRV006,2025-09-12,163,Config,2
DEP00432,SRV003,2026-08-29,1383,Code,2
DEP00433,SRV007,2026-08-05,125,Rollback,2
DEP00434,SRV006,2025-05-20,257,Code,2
DEP00435,SRV003,2025-02-16,1135,Code,3
DEP00436,SRV006,2025-09-27,1308,Config,3
DEP00437,SRV010,2026-05-10,534,Rollback,3
DEP00438,SRV006,2026-12-18,1127,Rollback,2
DEP00439,SRV003,2026-10-21,54,Config,3
DEP00440,SRV004,2026-01-10,34,Code,1
DEP00441,SRV009,2026-04-28,2271,Code,1
DEP00442,SRV009,2026-01-15,676,Config,1
DEP00443,SRV005,2025-10-26,573,Rollback,3
DEP00444,SRV008,2026-11-21,2169,Config,1
DEP00445,SRV010,2026-05-17,803,Rollback,3
DEP00446,SRV010,2026-01-15,696,Config,2
DEP00447,SRV009,2026-09-27,1681,Code,1
DEP00448,SRV005,2025-12-09,807,Rollback,4
DEP00449,SRV001,2025-10-05,1512,Rollback,1
DEP00450,SRV006,2025-08-15,185,Code,4
DEP00451,SRV003,2025-03-30,1864,Rollback,4
DEP00452,SRV004,2026-04-01,734,Code,2
DEP00453,SRV003,2025-02-21,1451,Rollback,1
DEP00454,SRV007,2025-09-11,2141,Rollback,3
DEP00455,SRV006,2026-02-14,1194,Code,3
DEP00456,SRV008,2026-02-21,519,Rollback,4
DEP00457,SRV009,2025-08-28,953,Rollback,1
DEP00458,SRV005,2025-08-27,724,Config,2
DEP00459,SRV010,2026-12-23,1303,Code,2
DEP00460,SRV006,2025-04-09,598,Config,1
DEP00461,SRV009,2025-04-12,270,Config,4
DEP00462,SRV007,2026-06-11,1196,Rollback,2
DEP00463,SRV001,2025-10-23,1936,Rollback,1
DEP00464,SRV003,2026-05-04,2137,Rollback,1
DEP00465,SRV001,2026-12-03,751,Code,1
DEP00466,SRV009,2025-11-29,1470,Rollback,2
DEP00467,SRV007,2025-04-12,278,Code,4
DEP00468,SRV001,2025-02-16,1508,Config,3
DEP00469,SRV002,2026-12-30,2022,Code,3
DEP00470,SRV007,2026-07-05,619,Code,1
DEP00471,SRV002,2026-09-09,81,Rollback,2
DEP00472,SRV010,2026-01-01,996,Rollback,4
DEP00473,SRV005,2025-01-10,1283,Rollback,1
DEP00474,SRV001,2026-06-14,1542,Rollback,1
DEP00475,SRV007,2026-11-28,841,Config,1
DEP00476,SRV004,2025-09-23,987,Config,2
DEP00477,SRV004,2025-06-01,1905,Code,2
DEP00478,SRV006,2025-06-15,2071,Code,2
DEP00479,SRV004,2025-12-14,1471,Rollback,3
DEP00480,SRV007,2025-01-26,1263,Config,1
DEP00481,SRV002,2025-10-11,1879,Config,1
DEP00482,SRV004,2025-06-08,1690,Code,1
DEP00483,SRV008,2025-03-11,1750,Code,2
DEP00484,SRV009,2025-03-16,76,Rollback,3
DEP00485,SRV010,2026-01-19,1314,Rollback,4
DEP00486,SRV002,2026-12-18,1883,Rollback,3
DEP00487,SRV006,2025-09-14,936,Config,2
DEP00488,SRV009,2026-05-04,1762,Code,2
DEP00489,SRV005,2025-06-01,1546,Code,2
DEP00490,SRV003,2025-08-31,839,Config,1
DEP00491,SRV004,2026-06-27,1949,Config,3
DEP00492,SRV010,2025-06-18,616,Rollback,3
DEP00493,SRV006,2026-04-01,344,Rollback,1
DEP00494,SRV009,2026-03-25,1169,Config,2
DEP00495,SRV009,2026-12-10,2096,Code,2
DEP00496,SRV004,2026-10-31,560,Rollback,4
DEP00497,SRV006,2026-03-26,168,Config,1
DEP00498,SRV010,2025-08-03,2138,Code,1
DEP00499,SRV003,2026-10-03,790,Config,2
DEP00500,SRV007,2025-04-26,2256,Rollback,3
DEP00501,SRV001,2026-07-11,1161,Config,2
DEP00502,SRV005,2025-11-28,281,Code,3
DEP00503,SRV005,2025-11-20,850,Rollback,2
DEP00504,SRV009,2026-11-24,2246,Rollback,2
DEP00505,SRV004,2025-04-27,1406,Config,3
DEP00506,SRV001,2025-07-30,800,Rollback,4
DEP00507,SRV007,2026-07-22,368,Code,4
DEP00508,SRV004,2025-06-09,914,Config,4
DEP00509,SRV006,2026-06-06,646,Rollback,1
DEP00510,SRV007,2025-06-04,1967,Config,3
DEP00511,SRV009,2026-12-23,1279,Code,4
DEP00512,SRV001,2025-10-22,2005,Config,3
DEP00513,SRV008,2026-06-22,838,Config,1
DEP00514,SRV009,2025-08-15,431,Rollback,1
DEP00515,SRV001,2026-12-24,1366,Code,2
DEP00516,SRV004,2026-08-10,864,Config,2
DEP00517,SRV004,2025-07-21,2122,Code,3
DEP00518,SRV007,2026-01-25,725,Config,3
DEP00519,SRV002,2025-04-16,832,Rollback,2
DEP00520,SRV003,2025-06-06,2082,Code,2
DEP00521,SRV009,2026-11-12,1465,Rollback,2
DEP00522,SRV007,2026-08-08,1044,Config,3
DEP00523,SRV008,2025-12-31,2299,Code,2
DEP00524,SRV006,2025-09-03,1093,Code,3
DEP00525,SRV005,2026-10-02,666,Config,3
DEP00526,SRV002,2026-08-23,1605,Config,4
DEP00527,SRV001,2026-07-06,1302,Code,3
DEP00528,SRV010,2026-01-20,707,Code,3
DEP00529,SRV006,2026-07-26,274,Rollback,3
DEP00530,SRV007,2026-04-25,1058,Rollback,1
DEP00531,SRV003,2026-04-28,1834,Code,2
DEP00532,SRV006,2025-02-06,1384,Config,2
DEP00533,SRV010,2025-07-08,1047,Rollback,1
DEP00534,SRV001,2026-02-08,492,Code,3
DEP00535,SRV003,2026-12-27,1120,Rollback,2
DEP00536,SRV003,2026-01-22,2292,Rollback,1
DEP00537,SRV002,2025-05-11,1885,Rollback,1
DEP00538,SRV003,2025-11-10,104,Rollback,1
DEP00539,SRV004,2026-03-01,1753,Code,3
DEP00540,SRV002,2025-10-08,719,Config,3
DEP00541,SRV003,2025-12-15,164,Config,2
DEP00542,SRV001,2025-04-09,514,Rollback,4
DEP00543,SRV005,2026-10-26,2153,Code,2
DEP00544,SRV005,2026-08-16,884,Rollback,4
DEP00545,SRV002,2025-11-12,1265,Code,3
DEP00546,SRV002,2025-11-25,897,Rollback,1
DEP00547,SRV009,2026-11-25,2032,Config,3
DEP00548,SRV003,2026-01-11,1212,Rollback,1
DEP00549,SRV004,2026-04-08,2073,Config,2
DEP00550,SRV007,2025-06-27,425,Rollback,1
DEP00551,SRV010,2025-03-29,867,Config,3
DEP00552,SRV003,2026-11-22,835,Code,2
DEP00553,SRV001,2026-10-11,1688,Config,1
DEP00554,SRV003,2026-01-17,2218,Code,1
DEP00555,SRV004,2025-03-19,1116,Rollback,4
DEP00556,SRV010,2026-06-03,608,Code,2
DEP00557,SRV008,2025-09-29,1850,Config,3
DEP00558,SRV008,2026-01-03,1406,Config,2
DEP00559,SRV003,2026-02-17,858,Code,4
DEP00560,SRV003,2026-03-23,2353,Code,3
DEP00561,SRV010,2025-08-19,800,Rollback,4
DEP00562,SRV005,2025-05-09,2139,Code,2
DEP00563,SRV004,2026-03-17,1051,Rollback,3
DEP00564,SRV006,2026-06-19,633,Code,1
DEP00565,SRV005,2025-03-24,1049,Rollback,3
DEP00566,SRV004,2026-11-14,906,Code,3
DEP00567,SRV008,2025-08-13,1454,Config,3
DEP00568,SRV009,2026-12-17,989,Code,4
DEP00569,SRV005,2025-07-15,1688,Rollback,1
DEP00570,SRV006,2026-02-24,338,Code,4
DEP00571,SRV005,2026-08-03,237,Rollback,3
DEP00572,SRV005,2026-09-23,1388,Rollback,3
DEP00573,SRV002,2026-11-20,1980,Config,1
DEP00574,SRV001,2025-03-06,2178,Config,2
DEP00575,SRV007,2026-10-12,235,Code,3
DEP00576,SRV003,2026-09-23,1794,Code,1
DEP00577,SRV008,2025-07-15,1704,Code,4
DEP00578,SRV010,2026-08-06,2281,Config,2
DEP00579,SRV008,2026-10-21,253,Code,3
DEP00580,SRV008,2025-09-15,2208,Rollback,4
DEP00581,SRV001,2025-10-05,283,Config,2
DEP00582,SRV006,2026-05-15,1033,Code,4
DEP00583,SRV002,2025-11-15,1595,Rollback,2
DEP00584,SRV001,2026-04-23,123,Config,3
DEP00585,SRV008,2026-06-11,1992,Config,1
DEP00586,SRV010,2026-05-05,1592,Config,1
DEP00587,SRV007,2026-04-26,970,Code,3
DEP00588,SRV001,2025-03-20,655,Config,4
DEP00589,SRV009,2026-05-06,1439,Code,2
DEP00590,SRV006,2025-10-27,572,Rollback,2
DEP00591,SRV005,2026-09-15,1240,Code,1
DEP00592,SRV009,2025-05-01,1632,Rollback,4
DEP00593,SRV002,2025-12-21,1510,Config,2
DEP00594,SRV006,2026-11-12,433,Code,1
DEP00595,SRV002,2025-10-06,150,Rollback,4
DEP00596,SRV010,2025-02-28,185,Rollback,1
DEP00597,SRV005,2025-09-25,1261,Rollback,3
DEP00598,SRV009,2025-08-28,1174,Rollback,2
DEP00599,SRV009,2026-04-01,1693,Config,1
DEP00600,SRV007,2025-01-03,67,Code,4
DEP00601,SRV006,2025-11-19,2191,Rollback,1
DEP00602,SRV005,2025-07-04,2195,Rollback,3
DEP00603,SRV004,2025-03-07,861,Config,1
DEP00604,SRV003,2025-08-27,2,Config,3
DEP00605,SRV001,2026-12-18,1319,Config,2
DEP00606,SRV004,2026-04-18,410,Code,2
DEP00607,SRV008,2026-06-08,831,Config,3
DEP00608,SRV009,2025-07-15,1287,Config,4
DEP00609,SRV007,2026-01-11,452,Code,1
DEP00610,SRV006,2026-11-30,409,Code,2
DEP00611,SRV007,2025-12-08,1003,Code,1
DEP00612,SRV004,2026-07-10,1623,Config,2
DEP00613,SRV004,2026-10-28,315,Rollback,1
DEP00614,SRV005,2025-02-24,1314,Code,3
DEP00615,SRV002,2026-11-22,2327,Rollback,2
DEP00616,SRV006,2026-12-20,200,Config,1
DEP00617,SRV007,2025-04-01,703,Config,1
DEP00618,SRV010,2025-08-13,1527,Code,3
DEP00619,SRV008,2025-03-26,824,Config,3
DEP00620,SRV001,2025-10-10,1236,Code,1
DEP00621,SRV010,2026-04-14,814,Code,1
DEP00622,SRV004,2026-08-28,115,Code,4
DEP00623,SRV006,2025-08-01,928,Rollback,1
DEP00624,SRV001,2026-10-20,1239,Rollback,4
DEP00625,SRV007,2025-11-04,1642,Code,3
DEP00626,SRV006,2026-05-04,1856,Rollback,2
DEP00627,SRV002,2025-07-29,261,Code,2
DEP00628,SRV008,2025-07-17,1001,Config,1
DEP00629,SRV002,2025-08-18,240,Rollback,3
DEP00630,SRV007,2026-05-22,1433,Config,1
DEP00631,SRV009,2026-01-16,727,Config,2
DEP00632,SRV002,2025-11-17,2349,Rollback,2
DEP00633,SRV002,2025-03-22,1836,Rollback,4
DEP00634,SRV007,2025-06-30,1340,Config,4
DEP00635,SRV006,2025-07-05,158,Code,1
DEP00636,SRV001,2026-04-01,583,Config,4
DEP00637,SRV008,2026-04-29,1177,Rollback,3
DEP00638,SRV006,2026-11-13,196,Rollback,2
DEP00639,SRV010,2025-02-15,1306,Config,3
DEP00640,SRV008,2025-02-16,1126,Code,4
DEP00641,SRV004,2025-03-15,1822,Config,3
DEP00642,SRV003,2025-04-24,628,Rollback,1
DEP00643,SRV003,2026-02-10,753,Code,4
DEP00644,SRV002,2026-08-07,1615,Config,4
DEP00645,SRV002,2025-10-25,2163,Rollback,3
DEP00646,SRV006,2026-11-29,1595,Rollback,3
DEP00647,SRV007,2026-12-03,1605,Rollback,4
DEP00648,SRV005,2026-07-02,1186,Config,4
DEP00649,SRV009,2026-08-17,1328,Config,1
DEP00650,SRV002,2025-08-20,230,Config,4
DEP00651,SRV010,2026-09-03,169,Code,4
DEP00652,SRV009,2026-11-28,1834,Config,2
DEP00653,SRV004,2025-10-09,2175,Config,2
DEP00654,SRV010,2026-12-20,1090,Code,1
DEP00655,SRV009,2025-05-22,1812,Config,1
DEP00656,SRV008,2026-08-12,1999,Config,4
DEP00657,SRV007,2025-03-24,831,Code,2
DEP00658,SRV005,2026-10-30,1108,Code,2
DEP00659,SRV006,2025-04-18,1537,Config,2
DEP00660,SRV006,2025-08-01,771,Rollback,4
DEP00661,SRV005,2026-10-21,790,Config,3
DEP00662,SRV004,2026-10-07,1959,Rollback,4
DEP00663,SRV003,2026-03-16,1256,Config,1
DEP00664,SRV006,2025-07-07,813,Config,3
DEP00665,SRV002,2025-04-21,600,Code,3
DEP00666,SRV002,2025-02-25,1712,Code,2
DEP00667,SRV004,2026-05-07,720,Rollback,1
DEP00668,SRV006,2025-07-25,533,Config,1
DEP00669,SRV001,2025-03-10,2109,Rollback,3
DEP00670,SRV002,2026-08-07,1413,Code,3
DEP00671,SRV004,2025-05-05,2316,Code,2
DEP00672,SRV006,2026-11-23,1355,Rollback,3
DEP00673,SRV004,2025-12-14,192,Code,2
DEP00674,SRV002,2025-07-31,1075,Code,1
DEP00675,SRV002,2025-12-10,834,Config,2
DEP00676,SRV002,2026-12-26,2296,Rollback,3
DEP00677,SRV002,2026-06-04,1514,Code,4
DEP00678,SRV009,2026-01-06,1365,Code,1
DEP00679,SRV009,2025-03-16,434,Config,3
DEP00680,SRV007,2025-11-10,1360,Rollback,2
DEP00681,SRV002,2025-10-25,982,Rollback,3
DEP00682,SRV005,2026-05-28,517,Rollback,1
DEP00683,SRV003,2025-09-13,2255,Rollback,4
DEP00684,SRV006,2025-06-07,119,Rollback,4
DEP00685,SRV004,2026-08-01,139,Config,1
DEP00686,SRV005,2025-04-19,720,Rollback,2
DEP00687,SRV002,2026-07-05,1638,Rollback,3
DEP00688,SRV008,2026-08-21,2018,Rollback,4
DEP00689,SRV001,2026-05-03,2009,Rollback,4
DEP00690,SRV003,2025-06-11,1910,Rollback,3
DEP00691,SRV006,2026-02-25,131,Config,3
DEP00692,SRV001,2025-01-15,392,Rollback,3
DEP00693,SRV004,2025-04-22,1499,Rollback,2
DEP00694,SRV003,2026-07-11,2230,Rollback,1
DEP00695,SRV007,2025-01-19,1164,Config,3
DEP00696,SRV009,2026-09-24,658,Code,2
DEP00697,SRV003,2026-08-05,1441,Code,1
DEP00698,SRV008,2026-10-15,1673,Rollback,3
DEP00699,SRV010,2026-09-19,1108,Code,2
DEP00700,SRV007,2025-08-07,1612,Rollback,4
DEP00701,SRV003,2025-12-20,1873,Config,4
DEP00702,SRV001,2026-08-02,237,Rollback,2
DEP00703,SRV004,2025-10-19,2251,Rollback,3
DEP00704,SRV005,2026-10-05,1234,Rollback,2
DEP00705,SRV009,2025-10-12,1892,Config,4
DEP00706,SRV001,2025-07-09,1211,Config,4
DEP00707,SRV006,2026-04-21,1803,Config,2
DEP00708,SRV006,2025-07-27,96,Rollback,3
DEP00709,SRV009,2026-07-21,1778,Rollback,2
DEP00710,SRV004,2025-02-03,2173,Rollback,2
DEP00711,SRV007,2026-06-12,249,Config,2
DEP00712,SRV004,2025-06-21,1,Config,3
DEP00713,SRV005,2026-01-11,983,Config,1
DEP00714,SRV002,2026-08-07,1656,Config,1
DEP00715,SRV008,2026-08-11,2268,Rollback,3
DEP00716,SRV009,2025-11-01,1239,Config,3
DEP00717,SRV010,2026-01-03,502,Config,2
DEP00718,SRV004,2026-10-23,2025,Config,2
DEP00719,SRV010,2025-01-17,1251,Rollback,1
DEP00720,SRV010,2026-05-22,1186,Code,3
DEP00721,SRV008,2026-01-06,2134,Config,3
DEP00722,SRV008,2025-11-19,237,Rollback,2
DEP00723,SRV004,2026-08-26,692,Rollback,2
DEP00724,SRV002,2025-09-07,969,Code,4
DEP00725,SRV001,2025-01-08,1650,Rollback,1
DEP00726,SRV002,2026-03-08,919,Config,4
DEP00727,SRV006,2026-04-20,264,Code,2
DEP00728,SRV003,2025-03-17,1450,Rollback,4
DEP00729,SRV010,2026-06-22,922,Code,2
DEP00730,SRV004,2025-10-23,1608,Rollback,4
DEP00731,SRV009,2025-03-28,776,Config,1
DEP00732,SRV005,2026-04-10,607,Config,4
DEP00733,SRV002,2026-06-01,1922,Code,2
DEP00734,SRV005,2025-01-16,897,Config,1
DEP00735,SRV009,2026-04-12,1322,Config,4
DEP00736,SRV010,2026-02-27,1493,Rollback,2
DEP00737,SRV001,2026-08-22,1923,Config,1
DEP00738,SRV002,2026-10-02,1317,Config,2
DEP00739,SRV003,2025-08-03,966,Rollback,2
DEP00740,SRV007,2026-09-20,2112,Rollback,4
DEP00741,SRV002,2026-05-25,295,Config,1
DEP00742,SRV002,2025-03-03,221,Code,4
DEP00743,SRV009,2026-07-06,1181,Config,3
DEP00744,SRV005,2025-07-10,1132,Rollback,4
DEP00745,SRV004,2025-04-05,321,Code,2
DEP00746,SRV009,2025-06-03,1601,Config,2
DEP00747,SRV004,2025-12-17,1548,Code,2
DEP00748,SRV004,2025-03-24,1203,Config,3
DEP00749,SRV001,2025-11-30,864,Rollback,1
DEP00750,SRV007,2025-07-29,886,Rollback,4
DEP00751,SRV009,2025-03-28,662,Code,4
DEP00752,SRV005,2025-07-28,2273,Code,3
DEP00753,SRV007,2026-09-21,1946,Config,1
DEP00754,SRV006,2025-11-05,2225,Config,3
DEP00755,SRV002,2025-02-19,1495,Config,4
DEP00756,SRV003,2026-10-16,890,Rollback,1
DEP00757,SRV005,2026-11-26,1630,Code,4
DEP00758,SRV003,2026-01-26,1368,Config,3
DEP00759,SRV007,2025-02-06,1124,Config,3
DEP00760,SRV003,2026-11-02,31,Rollback,2
DEP00761,SRV009,2025-01-16,530,Rollback,1
DEP00762,SRV001,2026-11-16,2040,Rollback,2
DEP00763,SRV005,2026-11-02,780,Rollback,3
DEP00764,SRV007,2026-07-12,2017,Code,2
DEP00765,SRV003,2025-05-31,1318,Config,3
DEP00766,SRV001,2026-12-04,1092,Rollback,4
DEP00767,SRV009,2025-10-02,1877,Rollback,1
DEP00768,SRV008,2026-07-19,573,Code,3
DEP00769,SRV008,2026-09-07,464,Rollback,3
DEP00770,SRV004,2025-02-26,344,Rollback,2
DEP00771,SRV007,2025-08-29,581,Config,3
DEP00772,SRV010,2025-11-08,932,Config,3
DEP00773,SRV004,2025-12-16,813,Config,4
DEP00774,SRV005,2026-08-24,728,Code,2
DEP00775,SRV001,2026-05-12,267,Rollback,4
DEP00776,SRV008,2026-11-17,172,Rollback,3
DEP00777,SRV009,2025-07-08,1127,Rollback,4
DEP00778,SRV004,2026-05-22,1384,Code,2
DEP00779,SRV004,2025-08-09,953,Config,2
DEP00780,SRV004,2026-10-25,1883,Config,4
DEP00781,SRV008,2026-08-17,998,Config,1
DEP00782,SRV008,2025-12-26,314,Code,3
DEP00783,SRV001,2025-03-09,423,Rollback,4
DEP00784,SRV005,2025-08-15,431,Rollback,2
DEP00785,SRV008,2025-05-08,1530,Config,4
DEP00786,SRV003,2026-09-07,622,Rollback,3
DEP00787,SRV007,2026-02-16,159,Code,1
DEP00788,SRV007,2026-03-15,1790,Rollback,4
DEP00789,SRV004,2026-07-07,1201,Code,3
DEP00790,SRV003,2026-07-06,691,Config,1
DEP00791,SRV006,2026-12-11,410,Code,2
DEP00792,SRV010,2025-02-20,2094,Config,4
DEP00793,SRV003,2025-04-28,991,Rollback,1
DEP00794,SRV003,2026-04-21,774,Code,4
DEP00795,SRV001,2026-06-08,624,Code,2
DEP00796,SRV002,2025-09-14,629,Config,3
DEP00797,SRV004,2025-08-13,150,Rollback,4
DEP00798,SRV008,2025-07-23,601,Rollback,3
DEP00799,SRV004,2026-12-29,2329,Config,2
DEP00800,SRV010,2025-01-27,440,Rollback,4
DEP00801,SRV003,2026-02-21,1757,Config,3
DEP00802,SRV003,2025-09-04,2115,Config,2
DEP00803,SRV007,2026-12-12,736,Config,3
DEP00804,SRV005,2026-06-08,1195,Rollback,2
DEP00805,SRV001,2026-08-11,508,Config,3
DEP00806,SRV008,2026-12-06,72,Config,4
DEP00807,SRV008,2026-07-30,771,Config,1
DEP00808,SRV008,2026-04-16,2051,Code,2
DEP00809,SRV010,2026-11-23,641,Config,2
DEP00810,SRV008,2026-08-15,2349,Rollback,2
DEP00811,SRV009,2025-12-16,209,Code,3
DEP00812,SRV010,2025-07-20,462,Rollback,4
DEP00813,SRV004,2026-11-25,1729,Rollback,3
DEP00814,SRV007,2025-03-05,738,Code,4
DEP00815,SRV010,2026-08-12,1066,Code,2
DEP00816,SRV001,2026-10-01,1124,Rollback,2
DEP00817,SRV007,2026-08-24,1746,Code,2
DEP00818,SRV001,2026-11-29,817,Rollback,1
DEP00819,SRV009,2026-02-28,1180,Code,1
DEP00820,SRV003,2026-03-05,1927,Config,2
DEP00821,SRV008,2026-09-08,367,Code,1
DEP00822,SRV002,2025-01-28,741,Config,4
DEP00823,SRV004,2026-08-12,1126,Rollback,4
DEP00824,SRV004,2026-12-17,339,Rollback,2
DEP00825,SRV001,2026-01-16,304,Code,2
DEP00826,SRV001,2026-11-26,1188,Rollback,4
DEP00827,SRV003,2026-11-18,175,Code,2
DEP00828,SRV005,2025-10-03,923,Rollback,3
DEP00829,SRV009,2025-11-16,392,Config,3
DEP00830,SRV009,2025-08-31,778,Config,1
DEP00831,SRV005,2026-11-22,2312,Config,4
DEP00832,SRV002,2025-05-14,1198,Rollback,2
DEP00833,SRV006,2026-06-06,692,Code,4
DEP00834,SRV008,2026-03-16,1612,Code,4
DEP00835,SRV004,2025-09-23,825,Code,1
DEP00836,SRV005,2025-07-11,964,Config,1
DEP00837,SRV007,2025-04-28,1473,Code,1
DEP00838,SRV009,2026-10-28,1550,Config,4
DEP00839,SRV008,2026-06-15,1982,Code,1
DEP00840,SRV004,2025-02-06,864,Rollback,4
DEP00841,SRV003,2025-09-04,1640,Rollback,4
DEP00842,SRV003,2026-11-27,11,Code,1
DEP00843,SRV001,2025-05-11,1668,Rollback,1
DEP00844,SRV006,2026-12-09,1742,Rollback,4
DEP00845,SRV010,2026-03-04,2207,Config,1
DEP00846,SRV009,2025-04-14,2031,Config,1
DEP00847,SRV009,2026-10-31,2225,Rollback,2
DEP00848,SRV002,2025-03-18,474,Code,2
DEP00849,SRV002,2026-09-15,1971,Rollback,2
DEP00850,SRV010,2025-01-04,66,Rollback,2
DEP00851,SRV001,2026-04-04,1459,Config,2
DEP00852,SRV010,2025-07-02,1650,Code,3
DEP00853,SRV008,2025-10-24,341,Code,4
DEP00854,SRV004,2026-01-14,1955,Rollback,3
DEP00855,SRV009,2025-01-04,582,Code,2
DEP00856,SRV008,2025-01-04,206,Code,3
DEP00857,SRV010,2025-07-24,1060,Rollback,3
DEP00858,SRV005,2026-07-23,950,Config,2
DEP00859,SRV010,2026-06-12,699,Config,3
DEP00860,SRV003,2026-11-03,1098,Config,2
DEP00861,SRV006,2026-12-08,2103,Code,2
DEP00862,SRV001,2026-02-20,1027,Rollback,3
DEP00863,SRV001,2026-05-20,1531,Code,4
DEP00864,SRV003,2025-10-06,1340,Code,1
DEP00865,SRV009,2026-03-08,2127,Rollback,4
DEP00866,SRV006,2026-09-22,1388,Code,3
DEP00867,SRV001,2026-10-19,1330,Code,3
DEP00868,SRV004,2025-11-22,178,Rollback,4
DEP00869,SRV002,2025-12-22,1465,Rollback,3
DEP00870,SRV001,2025-04-18,2259,Code,4
DEP00871,SRV004,2026-04-06,761,Code,4
DEP00872,SRV009,2025-01-21,189,Code,2
DEP00873,SRV003,2025-08-25,2072,Rollback,3
DEP00874,SRV008,2025-04-30,57,Config,2
DEP00875,SRV001,2026-04-17,722,Rollback,1
DEP00876,SRV008,2025-06-02,1750,Code,1
DEP00877,SRV006,2026-08-18,368,Rollback,3
DEP00878,SRV004,2026-06-19,1470,Code,1
DEP00879,SRV003,2025-05-04,2161,Code,1
DEP00880,SRV007,2025-10-13,810,Rollback,1
DEP00881,SRV004,2025-09-25,1121,Rollback,4
DEP00882,SRV001,2026-12-19,144,Code,3
DEP00883,SRV001,2026-02-18,1324,Config,4
DEP00884,SRV005,2026-03-12,2166,Code,1
DEP00885,SRV008,2026-04-11,2167,Rollback,1
DEP00886,SRV008,2025-06-18,1134,Rollback,4
DEP00887,SRV005,2025-12-27,2152,Config,2
DEP00888,SRV003,2026-12-16,1324,Config,4
DEP00889,SRV005,2025-07-25,1616,Code,1
DEP00890,SRV008,2026-06-04,2169,Code,4
DEP00891,SRV008,2026-10-13,790,Config,1
DEP00892,SRV007,2025-06-22,757,Code,2
DEP00893,SRV004,2025-10-19,49,Code,3
DEP00894,SRV005,2026-08-26,2119,Config,2
DEP00895,SRV009,2026-08-04,1831,Rollback,4
DEP00896,SRV005,2026-11-06,898,Config,2
DEP00897,SRV001,2026-10-06,1823,Rollback,3
DEP00898,SRV003,2026-11-28,1064,Config,2
DEP00899,SRV005,2025-04-18,323,Rollback,3
DEP00900,SRV004,2025-01-14,2041,Code,2
DEP00901,SRV004,2025-10-30,1416,Code,2
DEP00902,SRV004,2025-10-20,636,Config,2
DEP00903,SRV010,2026-07-31,1740,Rollback,3
DEP00904,SRV001,2026-03-16,2332,Code,3
DEP00905,SRV003,2025-07-22,1302,Rollback,3
DEP00906,SRV006,2026-11-08,1415,Rollback,2
DEP00907,SRV003,2026-02-12,135,Rollback,1
DEP00908,SRV005,2025-08-26,1474,Code,2
DEP00909,SRV005,2025-04-16,2044,Rollback,1
DEP00910,SRV002,2026-12-02,1498,Config,2
DEP00911,SRV001,2025-01-28,1322,Rollback,4
DEP00912,SRV009,2025-12-14,1518,Rollback,1
DEP00913,SRV002,2025-10-31,100,Rollback,1
DEP00914,SRV004,2025-06-26,48,Config,1
DEP00915,SRV008,2026-09-13,1495,Rollback,1
DEP00916,SRV003,2025-08-11,1492,Rollback,2
DEP00917,SRV004,2025-07-15,2273,Rollback,4
DEP00918,SRV002,2025-06-03,1481,Rollback,2
DEP00919,SRV003,2026-01-10,1774,Rollback,3
DEP00920,SRV003,2025-05-29,389,Rollback,1
DEP00921,SRV008,2025-11-10,240,Rollback,4
DEP00922,SRV005,2026-07-28,1746,Rollback,1
DEP00923,SRV001,2025-06-18,1264,Rollback,2
DEP00924,SRV004,2026-06-13,622,Code,1
DEP00925,SRV009,2026-04-13,1847,Rollback,1
DEP00926,SRV002,2026-04-23,1847,Rollback,4
DEP00927,SRV009,2026-10-03,145,Rollback,4
DEP00928,SRV004,2026-11-23,891,Config,3
DEP00929,SRV010,2025-02-05,2141,Code,4
DEP00930,SRV008,2026-07-28,1847,Rollback,3
DEP00931,SRV010,2025-06-27,151,Code,1
DEP00932,SRV004,2025-02-03,529,Rollback,1
DEP00933,SRV003,2026-12-23,2342,Config,4
DEP00934,SRV004,2026-05-11,930,Rollback,2
DEP00935,SRV004,2026-10-19,844,Config,3
DEP00936,SRV007,2025-10-06,39,Config,3
DEP00937,SRV005,2025-11-03,2334,Config,1
DEP00938,SRV006,2026-04-04,1390,Config,1
DEP00939,SRV006,2025-07-29,72,Code,1
DEP00940,SRV004,2026-11-08,1966,Rollback,1
DEP00941,SRV002,2025-07-28,958,Code,3
DEP00942,SRV008,2026-09-20,1350,Rollback,1
DEP00943,SRV008,2025-09-27,2252,Config,3
DEP00944,SRV010,2026-07-15,1337,Code,4
DEP00945,SRV008,2026-07-30,2111,Code,2
DEP00946,SRV007,2025-10-05,127,Config,1
DEP00947,SRV002,2026-03-13,84,Code,4
DEP00948,SRV009,2026-02-02,1749,Code,3
DEP00949,SRV007,2025-09-25,1642,Config,4
DEP00950,SRV001,2025-08-05,444,Config,1
DEP00951,SRV006,2025-08-30,1530,Code,2
DEP00952,SRV001,2026-03-11,659,Rollback,4
DEP00953,SRV001,2025-05-26,2070,Code,3
DEP00954,SRV008,2025-04-13,1872,Rollback,3
DEP00955,SRV004,2026-09-05,1414,Code,3
DEP00956,SRV004,2026-10-22,2173,Rollback,3
DEP00957,SRV003,2025-10-28,961,Code,4
DEP00958,SRV008,2026-09-28,1227,Config,2
DEP00959,SRV008,2025-11-29,2250,Rollback,1
DEP00960,SRV002,2026-06-15,1378,Rollback,1
DEP00961,SRV003,2025-12-27,704,Rollback,3
DEP00962,SRV007,2026-02-06,777,Rollback,1
DEP00963,SRV002,2025-04-21,90,Config,4
DEP00964,SRV005,2026-01-14,1889,Config,3
DEP00965,SRV002,2025-12-07,2225,Rollback,3
DEP00966,SRV002,2025-10-05,2225,Config,1
DEP00967,SRV009,2025-05-01,1831,Rollback,4
DEP00968,SRV010,2025-06-23,1895,Code,2
DEP00969,SRV001,2026-05-22,564,Code,3
DEP00970,SRV005,2026-06-24,891,Code,2
DEP00971,SRV008,2026-10-19,22,Code,4
DEP00972,SRV008,2026-10-01,62,Config,2
DEP00973,SRV009,2025-03-14,1623,Code,4
DEP00974,SRV002,2025-01-15,1749,Code,4
DEP00975,SRV008,2025-11-18,1319,Rollback,2
DEP00976,SRV001,2025-11-12,88,Config,2
DEP00977,SRV009,2026-05-01,420,Config,1
DEP00978,SRV003,2026-04-21,1854,Code,1
DEP00979,SRV005,2025-04-25,420,Code,1
DEP00980,SRV006,2025-09-13,972,Config,3
DEP00981,SRV001,2025-11-05,2005,Config,2
DEP00982,SRV004,2025-11-25,568,Config,1
DEP00983,SRV009,2026-06-10,2004,Rollback,1
DEP00984,SRV005,2025-02-08,1762,Rollback,2
DEP00985,SRV005,2026-10-07,1690,Code,2
DEP00986,SRV005,2025-02-01,2196,Config,1
DEP00987,SRV005,2025-01-01,1779,Config,4
DEP00988,SRV009,2025-02-23,1381,Rollback,4
DEP00989,SRV010,2025-10-27,1917,Config,4
DEP00990,SRV003,2025-05-10,4,Rollback,1
DEP00991,SRV003,2025-10-13,2018,Code,1
DEP00992,SRV001,2026-09-13,1733,Code,4
DEP00993,SRV002,2026-01-10,776,Config,3
DEP00994,SRV006,2025-04-23,1243,Code,1
DEP00995,SRV005,2025-11-20,2054,Config,4
DEP00996,SRV001,2025-09-18,1464,Config,1
DEP00997,SRV004,2026-06-19,2024,Config,4
DEP00998,SRV008,2026-09-08,1207,Code,1
DEP00999,SRV008,2025-08-24,932,Config,3
DEP01000,SRV003,2026-11-16,215,Config,4
DEP01001,SRV009,2026-02-01,466,Config,4
DEP01002,SRV007,2026-11-25,1635,Code,1
DEP01003,SRV007,2025-01-09,1039,Code,2
DEP01004,SRV009,2026-06-29,778,Rollback,3
DEP01005,SRV008,2026-03-21,1140,Config,3
DEP01006,SRV004,2025-08-09,178,Code,2
DEP01007,SRV001,2026-07-01,2291,Code,1
DEP01008,SRV003,2026-04-15,1556,Rollback,1
DEP01009,SRV001,2026-02-18,1496,Code,2
DEP01010,SRV007,2025-05-05,206,Rollback,2
DEP01011,SRV002,2026-05-06,1615,Code,4
DEP01012,SRV008,2026-07-15,1559,Config,3
DEP01013,SRV007,2026-11-27,1773,Code,4
DEP01014,SRV010,2025-05-25,1160,Rollback,3
DEP01015,SRV008,2025-10-25,1041,Config,1
DEP01016,SRV001,2026-05-02,1396,Code,2
DEP01017,SRV004,2026-12-12,1913,Config,2
DEP01018,SRV009,2025-12-23,1806,Config,2
DEP01019,SRV008,2026-09-13,285,Code,2
DEP01020,SRV004,2026-03-01,1329,Rollback,3
DEP01021,SRV006,2025-03-03,1343,Rollback,3
DEP01022,SRV004,2025-02-11,881,Code,1
DEP01023,SRV005,2025-05-18,1987,Code,1
DEP01024,SRV005,2026-08-23,1103,Code,2
DEP01025,SRV002,2026-08-01,171,Rollback,3
DEP01026,SRV002,2026-05-03,1659,Rollback,2
DEP01027,SRV009,2025-08-09,60,Rollback,2
DEP01028,SRV003,2025-08-25,1125,Rollback,2
DEP01029,SRV002,2026-11-01,868,Rollback,4
DEP01030,SRV001,2025-10-12,560,Code,3
DEP01031,SRV009,2026-04-24,1003,Config,3
DEP01032,SRV007,2026-04-02,1925,Code,1
DEP01033,SRV001,2026-04-18,1734,Code,1
DEP01034,SRV007,2025-08-14,1096,Code,3
DEP01035,SRV010,2026-05-12,1570,Config,3
DEP01036,SRV006,2025-07-04,1753,Config,4
DEP01037,SRV005,2026-02-10,348,Rollback,4
DEP01038,SRV009,2026-08-25,9,Config,1
DEP01039,SRV009,2025-08-10,1964,Rollback,4
DEP01040,SRV003,2026-10-15,1483,Code,2
DEP01041,SRV001,2026-05-26,271,Code,1
DEP01042,SRV005,2026-04-03,948,Config,1
DEP01043,SRV009,2026-01-24,2344,Rollback,4
DEP01044,SRV005,2026-05-28,112,Rollback,4
DEP01045,SRV002,2025-11-19,1561,Rollback,2
DEP01046,SRV009,2025-08-14,946,Config,4
DEP01047,SRV009,2025-03-21,114,Config,2
DEP01048,SRV006,2026-08-15,1526,Rollback,1
DEP01049,SRV005,2025-11-06,1954,Code,1
DEP01050,SRV007,2026-06-18,1476,Rollback,3
DEP01051,SRV006,2026-10-18,547,Config,4
DEP01052,SRV001,2025-08-26,1672,Code,1
DEP01053,SRV006,2026-07-21,504,Code,3
DEP01054,SRV006,2025-07-16,1070,Code,4
DEP01055,SRV004,2026-10-26,1849,Rollback,4
DEP01056,SRV007,2025-05-22,1072,Code,2
DEP01057,SRV002,2026-08-22,1193,Code,2
DEP01058,SRV004,2025-05-13,2156,Rollback,3
DEP01059,SRV009,2025-07-05,1855,Rollback,2
DEP01060,SRV006,2025-03-13,140,Config,3
DEP01061,SRV006,2025-06-27,1502,Rollback,1
DEP01062,SRV002,2026-05-28,250,Config,2
DEP01063,SRV002,2025-08-10,1696,Code,1
DEP01064,SRV006,2026-12-06,1736,Code,4
DEP01065,SRV005,2025-03-05,353,Config,4
DEP01066,SRV002,2026-09-10,2144,Code,2
DEP01067,SRV006,2025-05-01,1716,Config,4
DEP01068,SRV001,2026-09-07,1418,Rollback,4
DEP01069,SRV010,2025-08-07,2034,Rollback,3
DEP01070,SRV005,2026-01-19,580,Rollback,4
DEP01071,SRV007,2025-01-10,2178,Config,4
DEP01072,SRV004,2026-12-21,2204,Rollback,1
DEP01073,SRV002,2025-05-23,917,Config,4
DEP01074,SRV001,2025-07-03,181,Rollback,4
DEP01075,SRV003,2026-12-13,2032,Code,1
DEP01076,SRV006,2025-02-08,186,Rollback,3
DEP01077,SRV004,2026-06-11,2146,Config,3
DEP01078,SRV010,2025-06-07,1751,Code,2
DEP01079,SRV004,2025-07-30,67,Code,3
DEP01080,SRV002,2026-08-27,1839,Code,4
DEP01081,SRV001,2025-10-11,1910,Rollback,3
DEP01082,SRV009,2026-03-23,1329,Config,3
DEP01083,SRV005,2026-09-23,1868,Config,3
DEP01084,SRV009,2026-03-01,1268,Rollback,3
DEP01085,SRV002,2026-03-10,1840,Rollback,2
DEP01086,SRV002,2026-03-09,1378,Config,2
DEP01087,SRV008,2025-02-12,1055,Code,2
DEP01088,SRV008,2025-06-04,1131,Rollback,1
DEP01089,SRV008,2026-04-21,1701,Rollback,2
DEP01090,SRV003,2026-09-09,462,Code,3
DEP01091,SRV005,2026-07-20,1595,Code,1
DEP01092,SRV008,2025-07-18,1719,Code,1
DEP01093,SRV003,2025-07-07,175,Code,4
DEP01094,SRV008,2026-06-26,1361,Config,4
DEP01095,SRV001,2026-07-18,331,Rollback,4
DEP01096,SRV009,2026-04-16,313,Rollback,1
DEP01097,SRV008,2025-01-13,21,Config,2
DEP01098,SRV008,2026-07-11,1987,Rollback,2
DEP01099,SRV008,2025-02-15,990,Code,1
DEP01100,SRV010,2026-11-01,564,Config,2
DEP01101,SRV002,2026-07-13,209,Config,1
DEP01102,SRV004,2026-10-31,643,Rollback,1
DEP01103,SRV006,2026-10-03,2255,Config,1
DEP01104,SRV004,2025-02-12,2351,Rollback,2
DEP01105,SRV009,2026-09-17,944,Rollback,2
DEP01106,SRV003,2025-06-18,2127,Config,1
DEP01107,SRV003,2026-06-23,2191,Rollback,1
DEP01108,SRV007,2026-10-30,1348,Rollback,4
DEP01109,SRV007,2025-06-03,1322,Code,4
DEP01110,SRV007,2026-07-18,1741,Code,2
DEP01111,SRV009,2025-01-07,1019,Rollback,3
DEP01112,SRV010,2025-12-10,824,Code,4
DEP01113,SRV010,2026-12-04,619,Config,4
DEP01114,SRV004,2026-02-05,1953,Rollback,2
DEP01115,SRV002,2026-01-04,1932,Config,3
DEP01116,SRV006,2026-03-24,1262,Code,1
DEP01117,SRV003,2025-03-21,126,Code,3
DEP01118,SRV006,2026-01-25,226,Code,4
DEP01119,SRV007,2026-06-06,858,Config,4
DEP01120,SRV003,2026-04-19,2113,Code,2
DEP01121,SRV007,2025-09-30,1972,Code,2
DEP01122,SRV005,2026-01-08,383,Config,4
DEP01123,SRV006,2026-06-09,1569,Config,2
DEP01124,SRV001,2025-11-27,1712,Code,2
DEP01125,SRV001,2026-12-05,254,Config,2
DEP01126,SRV008,2025-10-01,2230,Config,4
DEP01127,SRV010,2026-09-21,486,Rollback,2
DEP01128,SRV010,2025-11-11,838,Code,1
DEP01129,SRV006,2026-06-18,1249,Rollback,3
DEP01130,SRV006,2025-08-14,1009,Rollback,4
DEP01131,SRV007,2025-01-12,618,Config,2
DEP01132,SRV002,2026-07-22,553,Rollback,2
DEP01133,SRV007,2026-11-04,1473,Config,1
DEP01134,SRV005,2025-12-03,228,Code,2
DEP01135,SRV006,2025-01-22,239,Code,4
DEP01136,SRV002,2026-05-08,892,Code,4
DEP01137,SRV002,2026-08-24,142,Config,1
DEP01138,SRV002,2025-07-28,369,Config,3
DEP01139,SRV005,2026-12-02,474,Config,2
DEP01140,SRV006,2025-09-28,2187,Rollback,2
DEP01141,SRV005,2026-12-13,1821,Config,2
DEP01142,SRV010,2025-10-21,157,Rollback,4
DEP01143,SRV008,2025-01-14,22,Code,3
DEP01144,SRV003,2026-12-27,1279,Config,2
DEP01145,SRV002,2026-03-26,400,Rollback,1
DEP01146,SRV009,2026-03-10,1141,Code,4
DEP01147,SRV008,2025-10-22,1841,Config,4
DEP01148,SRV009,2025-02-04,564,Code,4
DEP01149,SRV007,2025-06-06,452,Config,2
DEP01150,SRV006,2026-08-02,1937,Code,3
DEP01151,SRV001,2025-02-28,505,Config,1
DEP01152,SRV005,2025-03-21,2328,Code,4
DEP01153,SRV006,2026-02-19,2328,Config,4
DEP01154,SRV010,2025-02-27,1326,Code,2
DEP01155,SRV007,2025-03-10,1655,Config,2
DEP01156,SRV003,2026-07-30,2138,Config,3
DEP01157,SRV003,2025-08-14,98,Config,3
DEP01158,SRV008,2026-07-19,2292,Config,2
DEP01159,SRV010,2025-04-12,1966,Code,2
DEP01160,SRV003,2025-05-31,997,Config,3
DEP01161,SRV005,2025-08-31,1962,Code,2
DEP01162,SRV005,2026-11-26,2,Code,3
DEP01163,SRV008,2025-10-28,1149,Config,2
DEP01164,SRV010,2025-05-01,559,Config,1
DEP01165,SRV004,2025-11-22,2245,Code,2
DEP01166,SRV007,2025-05-13,1186,Config,4
DEP01167,SRV005,2026-01-20,2051,Code,4
DEP01168,SRV010,2025-12-28,601,Config,3
DEP01169,SRV001,2026-02-20,45,Config,4
DEP01170,SRV007,2025-03-01,1033,Code,4
DEP01171,SRV003,2026-12-04,381,Config,2
DEP01172,SRV003,2025-03-27,1692,Rollback,1
DEP01173,SRV003,2025-01-17,2115,Code,3
DEP01174,SRV004,2025-02-22,295,Rollback,4
DEP01175,SRV005,2026-02-10,619,Code,2
DEP01176,SRV005,2026-01-12,228,Code,1
DEP01177,SRV003,2026-06-24,1642,Config,4
DEP01178,SRV003,2026-04-18,586,Config,2
DEP01179,SRV002,2025-02-28,1289,Code,1
DEP01180,SRV009,2025-08-09,1333,Config,1
DEP01181,SRV010,2026-07-06,209,Code,1
DEP01182,SRV006,2026-08-02,2120,Rollback,2
DEP01183,SRV005,2026-12-19,966,Config,4
DEP01184,SRV003,2026-10-22,750,Code,2
DEP01185,SRV005,2026-08-25,968,Rollback,1
DEP01186,SRV006,2026-02-01,291,Config,2
DEP01187,SRV003,2026-02-24,182,Code,4
DEP01188,SRV007,2026-04-22,1085,Rollback,3
DEP01189,SRV003,2026-08-14,233,Code,4
DEP01190,SRV003,2026-08-09,2166,Config,1
DEP01191,SRV010,2026-05-02,2176,Rollback,4
DEP01192,SRV007,2026-05-13,2219,Rollback,2
DEP01193,SRV001,2026-04-23,1533,Rollback,1
DEP01194,SRV005,2026-04-23,898,Code,2
DEP01195,SRV008,2026-11-10,981,Rollback,3
DEP01196,SRV007,2026-05-31,1282,Config,2
DEP01197,SRV005,2025-05-17,2028,Rollback,2
DEP01198,SRV002,2026-08-23,1512,Config,4
DEP01199,SRV006,2026-10-23,1994,Config,3
DEP01200,SRV002,2025-06-27,2239,Config,3
DEP01201,SRV010,2026-08-16,1394,Config,3
DEP01202,SRV009,2025-06-21,87,Code,3
DEP01203,SRV001,2026-09-17,2210,Config,4
DEP01204,SRV008,2026-12-05,661,Config,3
DEP01205,SRV009,2026-01-30,22,Code,4
DEP01206,SRV008,2025-12-12,1367,Code,3
DEP01207,SRV006,2026-10-08,1857,Rollback,3
DEP01208,SRV008,2025-05-31,1366,Rollback,2
DEP01209,SRV001,2026-08-14,1280,Code,3
DEP01210,SRV004,2025-08-28,1692,Code,2
DEP01211,SRV008,2026-10-13,2113,Code,4
DEP01212,SRV007,2025-09-05,138,Config,2
DEP01213,SRV001,2026-01-25,991,Rollback,4
DEP01214,SRV010,2026-04-23,1777,Code,3
DEP01215,SRV009,2025-12-23,1227,Code,2
DEP01216,SRV008,2025-12-14,2131,Config,4
DEP01217,SRV006,2026-07-28,404,Config,1
DEP01218,SRV008,2025-04-05,562,Config,3
DEP01219,SRV010,2026-05-30,739,Code,2
DEP01220,SRV001,2025-08-21,992,Config,2
DEP01221,SRV002,2025-06-14,875,Config,4
DEP01222,SRV005,2026-08-16,1176,Config,4
DEP01223,SRV006,2025-09-07,732,Code,4
DEP01224,SRV005,2026-08-30,1332,Config,1
DEP01225,SRV003,2026-03-23,355,Rollback,1
DEP01226,SRV004,2026-09-26,524,Code,4
DEP01227,SRV007,2025-04-24,1210,Config,3
DEP01228,SRV006,2025-12-02,485,Code,4
DEP01229,SRV009,2025-07-01,1902,Rollback,4
DEP01230,SRV007,2025-05-11,867,Rollback,2
DEP01231,SRV001,2025-10-04,1300,Config,4
DEP01232,SRV007,2026-07-04,2227,Code,4
DEP01233,SRV002,2025-12-11,1034,Code,1
DEP01234,SRV008,2026-06-21,1521,Config,1
DEP01235,SRV005,2025-03-25,919,Code,4
DEP01236,SRV010,2026-04-20,1759,Config,3
DEP01237,SRV002,2025-06-06,1539,Rollback,4
DEP01238,SRV007,2026-07-08,1592,Config,2
DEP01239,SRV008,2026-04-09,1138,Code,3
DEP01240,SRV008,2026-11-19,708,Rollback,2
DEP01241,SRV001,2026-11-11,172,Code,2
DEP01242,SRV006,2025-10-02,389,Code,1
DEP01243,SRV008,2025-03-13,730,Code,2
DEP01244,SRV002,2025-02-03,242,Rollback,2
DEP01245,SRV008,2026-08-26,682,Rollback,2
DEP01246,SRV004,2026-12-28,1967,Rollback,4
DEP01247,SRV002,2026-01-07,913,Code,3
DEP01248,SRV002,2025-06-18,99,Config,4
DEP01249,SRV004,2025-08-21,2235,Rollback,2
DEP01250,SRV005,2025-06-09,256,Code,3
DEP01251,SRV005,2025-04-02,2212,Rollback,4
DEP01252,SRV006,2026-11-14,2339,Code,3
DEP01253,SRV003,2025-03-07,1915,Config,4
DEP01254,SRV005,2025-01-08,416,Config,3
DEP01255,SRV002,2026-05-24,167,Rollback,1
DEP01256,SRV008,2025-11-28,959,Code,1
DEP01257,SRV003,2025-02-13,355,Rollback,2
DEP01258,SRV002,2026-10-20,756,Rollback,1
DEP01259,SRV004,2026-11-05,306,Rollback,1
DEP01260,SRV008,2026-10-16,1962,Rollback,4
DEP01261,SRV002,2026-12-03,886,Rollback,3
DEP01262,SRV003,2026-07-20,637,Rollback,2
DEP01263,SRV007,2025-07-22,525,Code,2
DEP01264,SRV001,2026-07-15,2107,Rollback,1
DEP01265,SRV010,2025-01-12,791,Code,2
DEP01266,SRV008,2026-03-29,2143,Code,3
DEP01267,SRV002,2025-02-22,389,Code,1
DEP01268,SRV009,2026-10-28,1900,Config,3
DEP01269,SRV009,2026-11-01,1568,Config,2
DEP01270,SRV001,2025-03-16,1847,Code,1
DEP01271,SRV002,2025-03-25,946,Config,3
DEP01272,SRV008,2025-04-15,120,Rollback,1
DEP01273,SRV002,2026-02-09,1531,Config,2
DEP01274,SRV008,2026-05-06,1412,Config,2
DEP01275,SRV008,2026-02-08,376,Rollback,2
DEP01276,SRV001,2026-01-28,1631,Code,4
DEP01277,SRV005,2026-08-01,1090,Code,2
DEP01278,SRV006,2026-05-07,123,Rollback,4
DEP01279,SRV003,2026-01-28,2005,Rollback,4
DEP01280,SRV005,2026-04-04,895,Code,4
DEP01281,SRV006,2025-06-02,1137,Config,4
DEP01282,SRV002,2026-10-15,449,Config,4
DEP01283,SRV008,2026-01-11,1936,Config,4
DEP01284,SRV008,2026-01-17,1269,Rollback,2
DEP01285,SRV002,2026-04-15,1458,Config,2
DEP01286,SRV005,2025-03-01,1271,Config,2
DEP01287,SRV008,2025-09-16,340,Config,2
DEP01288,SRV007,2025-09-05,2007,Code,4
DEP01289,SRV001,2025-01-20,1394,Config,3
DEP01290,SRV007,2025-05-05,462,Config,2
DEP01291,SRV005,2026-08-04,972,Code,4
DEP01292,SRV009,2025-12-15,416,Code,3
DEP01293,SRV004,2026-11-23,1507,Config,1
DEP01294,SRV006,2026-06-07,230,Code,2
DEP01295,SRV006,2026-11-04,411,Config,4
DEP01296,SRV008,2025-03-16,1414,Rollback,2
DEP01297,SRV007,2025-08-05,2234,Rollback,1
DEP01298,SRV006,2025-07-19,914,Rollback,1
DEP01299,SRV005,2025-08-09,391,Code,3
DEP01300,SRV001,2026-05-15,2165,Code,3
DEP01301,SRV004,2025-10-19,1545,Config,4
DEP01302,SRV001,2025-09-06,421,Config,3
DEP01303,SRV005,2026-02-17,460,Config,3
DEP01304,SRV010,2026-04-17,636,Config,1
DEP01305,SRV001,2026-02-07,343,Config,3
DEP01306,SRV007,2025-10-25,1091,Rollback,4
DEP01307,SRV002,2026-09-15,1621,Config,4
DEP01308,SRV006,2025-12-07,2187,Rollback,3
DEP01309,SRV003,2025-07-16,1039,Config,3
DEP01310,SRV002,2025-07-02,2129,Config,1
DEP01311,SRV007,2026-06-13,2160,Config,1
DEP01312,SRV002,2025-02-18,448,Rollback,3
DEP01313,SRV010,2026-08-06,1551,Config,3
DEP01314,SRV003,2025-01-24,1222,Rollback,3
DEP01315,SRV003,2025-10-19,923,Code,4
DEP01316,SRV008,2026-04-24,538,Config,2
DEP01317,SRV008,2026-06-13,975,Config,4
DEP01318,SRV008,2026-09-16,1132,Config,4
DEP01319,SRV007,2026-05-16,29,Config,3
DEP01320,SRV008,2026-09-12,368,Rollback,3
DEP01321,SRV003,2026-07-18,266,Rollback,3
DEP01322,SRV006,2025-09-05,829,Config,1
DEP01323,SRV003,2025-08-10,927,Code,2
DEP01324,SRV004,2026-12-09,34,Code,3
DEP01325,SRV005,2026-12-15,332,Config,1
DEP01326,SRV009,2026-04-23,2025,Rollback,4
DEP01327,SRV005,2026-08-07,92,Rollback,2
DEP01328,SRV009,2025-06-29,1007,Code,3
DEP01329,SRV006,2025-05-04,181,Config,3
DEP01330,SRV001,2025-05-07,41,Rollback,3
DEP01331,SRV007,2026-01-08,2351,Config,1
DEP01332,SRV009,2025-09-16,2279,Rollback,1
DEP01333,SRV005,2026-06-21,1733,Rollback,4
DEP01334,SRV006,2025-03-27,1202,Config,2
DEP01335,SRV010,2025-11-21,2097,Code,4
DEP01336,SRV007,2026-07-07,1080,Rollback,2
DEP01337,SRV006,2025-06-20,1386,Rollback,1
DEP01338,SRV006,2025-08-10,902,Code,1
DEP01339,SRV009,2025-06-19,296,Code,2
DEP01340,SRV009,2026-06-24,675,Config,4
DEP01341,SRV007,2026-06-15,1855,Rollback,2
DEP01342,SRV009,2025-04-19,1539,Rollback,2
DEP01343,SRV007,2026-01-03,349,Rollback,3
DEP01344,SRV010,2026-02-03,1033,Rollback,3
DEP01345,SRV001,2025-12-03,2255,Config,3
DEP01346,SRV009,2026-10-20,1893,Code,1
DEP01347,SRV006,2025-01-21,843,Code,1
DEP01348,SRV009,2026-03-25,817,Config,1
DEP01349,SRV001,2026-05-29,1592,Config,1
DEP01350,SRV010,2026-06-05,1479,Code,1
DEP01351,SRV006,2025-08-30,1480,Config,4
DEP01352,SRV008,2026-02-14,2054,Config,4
DEP01353,SRV004,2026-10-16,396,Config,3
DEP01354,SRV001,2026-07-29,1208,Config,3
DEP01355,SRV007,2026-09-07,1625,Rollback,2
DEP01356,SRV007,2025-04-23,1525,Code,2
DEP01357,SRV002,2025-08-05,1468,Code,3
DEP01358,SRV010,2026-07-05,1449,Code,1
DEP01359,SRV002,2026-06-21,1528,Rollback,4
DEP01360,SRV001,2026-09-22,1432,Config,1
DEP01361,SRV009,2026-10-13,2139,Code,1
DEP01362,SRV002,2025-09-06,1600,Config,3
DEP01363,SRV006,2026-06-26,1330,Rollback,2
DEP01364,SRV008,2026-12-28,1309,Code,1
DEP01365,SRV001,2025-06-24,934,Rollback,1
DEP01366,SRV003,2026-07-29,189,Config,4
DEP01367,SRV005,2026-11-26,939,Rollback,1
DEP01368,SRV002,2026-01-18,87,Config,3
DEP01369,SRV003,2025-06-02,96,Code,1
DEP01370,SRV010,2025-10-10,261,Code,2
DEP01371,SRV001,2026-01-22,16,Config,2
DEP01372,SRV004,2026-02-04,802,Rollback,1
DEP01373,SRV001,2025-02-13,1789,Config,4
DEP01374,SRV009,2025-03-14,1160,Rollback,1
DEP01375,SRV002,2026-01-31,988,Code,1
DEP01376,SRV002,2026-12-05,709,Rollback,2
DEP01377,SRV009,2025-06-08,1402,Config,3
DEP01378,SRV002,2026-08-02,2052,Config,1
DEP01379,SRV001,2026-09-07,568,Config,1
DEP01380,SRV001,2025-02-03,101,Code,4
DEP01381,SRV001,2026-07-17,1765,Rollback,4
DEP01382,SRV010,2025-08-14,79,Code,4
DEP01383,SRV007,2025-03-20,1571,Rollback,3
DEP01384,SRV008,2025-01-02,100,Code,1
DEP01385,SRV001,2025-08-16,1153,Code,2
DEP01386,SRV007,2025-12-14,2175,Rollback,1
DEP01387,SRV003,2025-12-25,2185,Config,1
DEP01388,SRV008,2026-03-17,2309,Rollback,3
DEP01389,SRV007,2026-04-03,309,Code,3
DEP01390,SRV007,2026-09-29,1151,Code,3
DEP01391,SRV009,2025-06-01,1279,Config,2
DEP01392,SRV009,2025-04-21,1701,Config,4
DEP01393,SRV001,2026-02-22,2192,Rollback,1
DEP01394,SRV003,2025-10-11,1704,Rollback,2
DEP01395,SRV009,2026-01-05,930,Config,2
DEP01396,SRV009,2025-03-02,404,Code,1
DEP01397,SRV006,2025-07-19,1844,Rollback,3
DEP01398,SRV007,2026-12-03,1123,Rollback,4
DEP01399,SRV004,2025-11-03,2059,Code,1
DEP01400,SRV004,2025-03-14,1456,Rollback,1
DEP01401,SRV001,2025-01-31,317,Code,4
DEP01402,SRV008,2026-03-23,481,Config,3
DEP01403,SRV006,2025-01-16,1125,Config,4
DEP01404,SRV006,2026-02-28,764,Code,3
DEP01405,SRV009,2025-12-22,832,Code,4
DEP01406,SRV007,2026-07-05,1830,Config,1
DEP01407,SRV009,2025-07-20,1270,Code,2
DEP01408,SRV007,2025-01-30,618,Code,3
DEP01409,SRV009,2025-12-25,1885,Config,2
DEP01410,SRV006,2025-05-04,714,Code,4
DEP01411,SRV007,2026-02-04,382,Rollback,3
DEP01412,SRV009,2026-10-16,390,Rollback,4
DEP01413,SRV003,2026-12-13,2101,Rollback,2
DEP01414,SRV002,2025-04-03,692,Config,2
DEP01415,SRV004,2026-08-06,2013,Config,4
DEP01416,SRV003,2025-11-10,1435,Code,1
DEP01417,SRV004,2025-07-26,403,Config,1
DEP01418,SRV005,2026-05-06,1780,Rollback,3
DEP01419,SRV009,2026-03-31,688,Code,3
DEP01420,SRV002,2025-12-07,17,Config,1
DEP01421,SRV010,2025-11-06,394,Code,2
DEP01422,SRV004,2026-06-21,1825,Code,4
DEP01423,SRV004,2026-08-24,1042,Code,4
DEP01424,SRV001,2026-04-14,2111,Rollback,1
DEP01425,SRV008,2026-06-30,633,Rollback,3
DEP01426,SRV005,2025-06-19,2324,Code,4
DEP01427,SRV005,2026-03-24,1270,Rollback,3
DEP01428,SRV005,2025-08-11,2269,Rollback,3
DEP01429,SRV004,2026-03-14,1569,Rollback,4
DEP01430,SRV010,2025-11-14,470,Rollback,1
DEP01431,SRV003,2025-05-24,2059,Code,4
DEP01432,SRV008,2025-11-27,816,Config,4
DEP01433,SRV007,2026-05-05,150,Code,4
DEP01434,SRV010,2025-09-19,1548,Code,4
DEP01435,SRV004,2026-10-15,1323,Config,1
DEP01436,SRV006,2025-01-06,689,Config,2
DEP01437,SRV001,2026-08-18,1270,Rollback,2
DEP01438,SRV004,2025-04-06,1066,Rollback,3
DEP01439,SRV006,2026-11-30,2283,Config,1
DEP01440,SRV010,2026-02-06,1943,Code,2
DEP01441,SRV005,2025-09-03,686,Rollback,1
DEP01442,SRV003,2025-08-22,22,Rollback,1
DEP01443,SRV006,2025-09-25,1035,Rollback,2
DEP01444,SRV008,2025-02-25,51,Config,1
DEP01445,SRV007,2025-01-18,2139,Code,1
DEP01446,SRV007,2025-01-17,502,Rollback,1
DEP01447,SRV006,2026-06-15,593,Rollback,1
DEP01448,SRV001,2025-11-13,2181,Rollback,1
DEP01449,SRV005,2025-11-18,569,Rollback,3
DEP01450,SRV006,2025-09-09,448,Config,3
DEP01451,SRV004,2025-05-09,265,Config,4
DEP01452,SRV002,2025-08-25,831,Rollback,3
DEP01453,SRV001,2025-07-03,2041,Config,1
DEP01454,SRV006,2025-03-02,259,Rollback,1
DEP01455,SRV010,2025-05-16,639,Rollback,3
DEP01456,SRV004,2025-11-19,665,Config,3
DEP01457,SRV010,2026-06-15,1694,Code,3
DEP01458,SRV005,2026-11-28,2034,Config,4
DEP01459,SRV005,2026-12-24,884,Rollback,4
DEP01460,SRV002,2025-10-24,1344,Config,1
DEP01461,SRV003,2025-09-27,1474,Code,2
DEP01462,SRV003,2026-12-09,634,Code,3
DEP01463,SRV001,2025-02-10,933,Code,1
DEP01464,SRV003,2026-02-10,1779,Code,4
DEP01465,SRV006,2026-02-20,2144,Rollback,2
DEP01466,SRV008,2026-11-09,1260,Code,1
DEP01467,SRV004,2026-10-08,129,Code,4
DEP01468,SRV008,2025-02-19,755,Code,2
DEP01469,SRV002,2026-05-15,2220,Rollback,3
DEP01470,SRV008,2025-03-16,1380,Config,4
DEP01471,SRV002,2026-03-10,2183,Config,4
DEP01472,SRV006,2026-09-11,1423,Config,2
DEP01473,SRV004,2026-11-25,1322,Code,1
DEP01474,SRV006,2026-02-25,1465,Rollback,1
DEP01475,SRV002,2026-08-15,2093,Config,3
DEP01476,SRV008,2026-11-03,1560,Rollback,2
DEP01477,SRV003,2025-08-05,65,Config,2
DEP01478,SRV004,2026-02-27,807,Code,3
DEP01479,SRV003,2025-07-10,1644,Rollback,2
DEP01480,SRV004,2025-07-29,49,Rollback,1
DEP01481,SRV005,2026-09-12,543,Rollback,2
DEP01482,SRV001,2025-03-03,2319,Rollback,4
DEP01483,SRV009,2025-07-10,374,Config,3
DEP01484,SRV008,2026-04-13,2211,Config,1
DEP01485,SRV003,2025-04-23,547,Rollback,2
DEP01486,SRV007,2025-08-03,780,Config,1
DEP01487,SRV009,2025-11-18,661,Code,1
DEP01488,SRV003,2026-11-08,247,Config,3
DEP01489,SRV010,2025-09-26,2164,Code,1
DEP01490,SRV002,2026-09-10,1102,Code,1
DEP01491,SRV004,2025-02-07,2140,Rollback,4
DEP01492,SRV010,2026-01-30,1540,Config,1
DEP01493,SRV006,2026-12-08,723,Rollback,3
DEP01494,SRV009,2025-09-29,863,Code,2
DEP01495,SRV003,2025-09-26,776,Config,2
DEP01496,SRV009,2026-10-25,1321,Rollback,1
DEP01497,SRV002,2026-12-10,1886,Rollback,4
DEP01498,SRV010,2026-08-27,2333,Config,4
DEP01499,SRV009,2025-01-21,1948,Config,3
DEP01500,SRV010,2025-02-26,418,Code,3
DEP01501,SRV004,2026-12-04,541,Code,4
DEP01502,SRV009,2026-05-10,919,Code,3
DEP01503,SRV002,2026-12-02,109,Config,2
DEP01504,SRV008,2026-03-31,501,Rollback,2
DEP01505,SRV006,2025-06-18,1931,Rollback,2
DEP01506,SRV006,2025-09-25,1600,Config,2
DEP01507,SRV005,2025-08-11,396,Config,3
DEP01508,SRV005,2026-05-25,1423,Rollback,1
DEP01509,SRV010,2025-01-09,807,Config,4
DEP01510,SRV003,2025-07-29,1472,Code,3
DEP01511,SRV006,2025-12-30,1291,Rollback,1
DEP01512,SRV006,2026-09-29,550,Code,3
DEP01513,SRV005,2026-06-25,1527,Code,3
DEP01514,SRV004,2026-08-01,469,Rollback,4
DEP01515,SRV003,2026-04-12,307,Config,3
DEP01516,SRV003,2025-09-22,170,Config,1
DEP01517,SRV010,2025-07-05,272,Code,3
DEP01518,SRV005,2026-02-08,135,Config,3
DEP01519,SRV008,2026-10-21,1754,Rollback,2
DEP01520,SRV008,2025-11-13,1513,Config,3
DEP01521,SRV007,2026-08-29,10,Rollback,1
DEP01522,SRV009,2025-02-20,1997,Rollback,2
DEP01523,SRV009,2025-05-26,991,Rollback,1
DEP01524,SRV008,2025-03-01,559,Rollback,4
DEP01525,SRV006,2025-02-20,225,Config,4
DEP01526,SRV001,2026-05-21,652,Rollback,2
DEP01527,SRV001,2026-02-10,568,Rollback,3
DEP01528,SRV005,2025-05-19,2242,Code,3
DEP01529,SRV003,2026-03-21,1074,Rollback,4
DEP01530,SRV002,2025-07-12,1747,Rollback,2
DEP01531,SRV007,2025-10-25,602,Rollback,4
DEP01532,SRV010,2025-07-11,754,Code,4
DEP01533,SRV001,2025-07-28,1254,Rollback,1
DEP01534,SRV006,2025-06-04,168,Rollback,2
DEP01535,SRV010,2025-02-11,647,Code,4
DEP01536,SRV006,2025-11-08,786,Rollback,3
DEP01537,SRV010,2026-10-28,1979,Rollback,3
DEP01538,SRV008,2025-12-19,1155,Config,2
DEP01539,SRV004,2025-10-18,899,Config,4
DEP01540,SRV001,2026-05-04,1676,Config,3
DEP01541,SRV005,2025-01-10,1307,Code,3
DEP01542,SRV003,2026-09-07,903,Code,3
DEP01543,SRV004,2025-02-28,1734,Rollback,4
DEP01544,SRV004,2026-05-20,2195,Config,3
DEP01545,SRV010,2026-10-29,2145,Code,1
DEP01546,SRV003,2025-05-25,76,Code,1
DEP01547,SRV007,2025-04-10,396,Config,2
DEP01548,SRV008,2026-10-22,2302,Rollback,3
DEP01549,SRV010,2025-03-07,2351,Rollback,2
DEP01550,SRV006,2025-05-07,2010,Config,2
DEP01551,SRV003,2025-08-30,2188,Code,3
DEP01552,SRV006,2026-10-31,211,Config,2
DEP01553,SRV004,2025-03-11,382,Config,3
DEP01554,SRV001,2026-09-30,2052,Code,4
DEP01555,SRV002,2025-06-11,1724,Config,3
DEP01556,SRV006,2026-09-24,2236,Config,1
DEP01557,SRV010,2026-12-11,53,Config,1
DEP01558,SRV008,2026-12-27,1312,Rollback,1
DEP01559,SRV001,2025-04-03,1502,Config,2
DEP01560,SRV008,2025-06-01,2200,Config,2
DEP01561,SRV007,2025-05-13,405,Rollback,1
DEP01562,SRV007,2025-08-30,1529,Rollback,4
DEP01563,SRV008,2026-10-30,1625,Config,4
DEP01564,SRV001,2026-04-19,1070,Config,2
DEP01565,SRV007,2026-12-12,1740,Config,1
DEP01566,SRV010,2025-08-09,2307,Code,4
DEP01567,SRV008,2026-07-14,727,Code,1
DEP01568,SRV001,2026-01-09,283,Code,4
DEP01569,SRV009,2025-05-09,845,Rollback,3
DEP01570,SRV008,2026-05-29,1199,Rollback,1
DEP01571,SRV005,2026-12-30,1676,Rollback,3
DEP01572,SRV009,2025-03-20,210,Config,4
DEP01573,SRV002,2026-01-11,2177,Code,1
DEP01574,SRV009,2025-02-07,1512,Rollback,4
DEP01575,SRV007,2025-12-01,334,Rollback,1
DEP01576,SRV002,2026-03-17,717,Code,4
DEP01577,SRV009,2026-11-01,784,Code,4
DEP01578,SRV009,2026-06-16,581,Code,3
DEP01579,SRV010,2025-12-24,1462,Config,1
DEP01580,SRV002,2026-06-05,805,Rollback,2
DEP01581,SRV001,2025-04-13,225,Code,2
DEP01582,SRV003,2026-03-09,807,Code,1
DEP01583,SRV004,2025-01-23,907,Rollback,4
DEP01584,SRV009,2026-02-03,2198,Config,3
DEP01585,SRV010,2026-01-04,253,Rollback,3
DEP01586,SRV001,2025-09-02,1737,Config,2
DEP01587,SRV004,2025-01-05,2055,Config,2
DEP01588,SRV002,2025-05-13,1898,Code,2
DEP01589,SRV010,2026-11-17,1169,Rollback,3
DEP01590,SRV005,2026-10-10,200,Code,3
DEP01591,SRV010,2026-12-09,52,Rollback,1
DEP01592,SRV006,2026-06-26,1456,Code,4
DEP01593,SRV001,2025-03-13,1314,Rollback,4
DEP01594,SRV001,2025-02-26,1858,Code,1
DEP01595,SRV005,2026-02-06,2150,Config,3
DEP01596,SRV004,2025-04-30,2287,Code,4
DEP01597,SRV005,2025-01-22,2098,Rollback,1
DEP01598,SRV001,2026-05-07,1678,Code,3
DEP01599,SRV003,2026-12-23,1838,Rollback,1
DEP01600,SRV002,2025-08-05,1037,Code,4
DEP01601,SRV001,2025-08-18,1424,Config,1
DEP01602,SRV007,2025-12-20,1788,Rollback,4
DEP01603,SRV010,2025-11-10,173,Code,4
DEP01604,SRV004,2025-04-21,644,Config,3
DEP01605,SRV002,2025-12-26,599,Code,4
DEP01606,SRV010,2025-09-09,1994,Config,2
DEP01607,SRV005,2026-07-25,1448,Code,2
DEP01608,SRV007,2026-04-26,1644,Config,3
DEP01609,SRV004,2025-02-19,2050,Rollback,1
DEP01610,SRV008,2025-06-14,1883,Config,1
DEP01611,SRV009,2026-07-28,1162,Code,2
DEP01612,SRV002,2026-09-15,2079,Rollback,2
DEP01613,SRV006,2026-07-06,2196,Rollback,1
DEP01614,SRV010,2025-03-15,1631,Code,2
DEP01615,SRV008,2025-06-12,2184,Config,4
DEP01616,SRV001,2025-07-04,142,Rollback,2
DEP01617,SRV003,2026-05-12,397,Code,1
DEP01618,SRV008,2026-09-06,1707,Code,2
DEP01619,SRV006,2025-06-13,829,Config,2
DEP01620,SRV001,2026-01-26,488,Rollback,1
DEP01621,SRV005,2026-04-22,909,Code,4
DEP01622,SRV009,2025-09-14,1245,Rollback,1
DEP01623,SRV002,2025-02-16,959,Code,4
DEP01624,SRV010,2026-07-23,1187,Code,2
DEP01625,SRV010,2026-08-19,1646,Code,4
DEP01626,SRV008,2026-07-29,608,Config,1
DEP01627,SRV002,2025-09-24,75,Rollback,2
DEP01628,SRV005,2025-06-20,200,Code,1
DEP01629,SRV001,2025-07-07,886,Rollback,3
DEP01630,SRV002,2026-02-21,2120,Code,1
DEP01631,SRV010,2025-05-11,1675,Rollback,1
DEP01632,SRV006,2026-05-27,1565,Code,2
DEP01633,SRV010,2025-10-22,1490,Code,1
DEP01634,SRV006,2026-02-17,1267,Rollback,1
DEP01635,SRV004,2026-03-19,964,Code,4
DEP01636,SRV005,2025-12-08,258,Config,4
DEP01637,SRV004,2025-12-02,499,Code,3
DEP01638,SRV006,2026-07-22,1832,Code,3
DEP01639,SRV001,2026-08-29,389,Code,4
DEP01640,SRV001,2025-06-25,1640,Code,4
DEP01641,SRV010,2026-06-16,1277,Config,4
DEP01642,SRV009,2025-06-05,265,Rollback,3
DEP01643,SRV004,2026-04-26,261,Rollback,3
DEP01644,SRV007,2025-10-02,1087,Code,2
DEP01645,SRV007,2025-05-02,1277,Code,3
DEP01646,SRV003,2025-05-13,1021,Rollback,2
DEP01647,SRV001,2026-12-12,2060,Code,3
DEP01648,SRV007,2025-08-28,152,Config,4
DEP01649,SRV005,2025-06-18,791,Config,3
DEP01650,SRV004,2025-10-22,344,Code,4
DEP01651,SRV007,2026-02-01,1989,Rollback,2
DEP01652,SRV005,2026-09-07,886,Config,2
DEP01653,SRV009,2026-02-11,1188,Code,2
DEP01654,SRV009,2026-06-20,1388,Code,4
DEP01655,SRV002,2025-01-27,2156,Code,2
DEP01656,SRV006,2025-07-13,1545,Config,2
DEP01657,SRV001,2026-02-24,741,Code,3
DEP01658,SRV002,2026-07-24,1734,Rollback,1
DEP01659,SRV008,2026-04-12,1192,Rollback,4
DEP01660,SRV009,2025-03-11,1668,Rollback,1
DEP01661,SRV010,2025-04-18,890,Code,3
DEP01662,SRV007,2025-05-09,1511,Rollback,3
DEP01663,SRV002,2026-04-28,1288,Code,4
DEP01664,SRV001,2026-02-18,1114,Code,1
DEP01665,SRV001,2025-05-26,1325,Config,2
DEP01666,SRV009,2025-12-02,1939,Code,1
DEP01667,SRV003,2025-04-23,105,Config,4
DEP01668,SRV002,2026-09-17,654,Config,4
DEP01669,SRV007,2025-06-26,449,Code,3
DEP01670,SRV002,2026-11-12,1275,Rollback,4
DEP01671,SRV004,2026-10-10,2326,Rollback,2
DEP01672,SRV005,2026-07-16,2345,Code,2
DEP01673,SRV001,2025-08-04,412,Config,4
DEP01674,SRV007,2026-02-09,2096,Code,4
DEP01675,SRV001,2025-10-13,438,Rollback,4
DEP01676,SRV008,2026-09-16,1061,Code,2
DEP01677,SRV006,2025-07-24,1536,Config,4
DEP01678,SRV003,2025-11-22,516,Config,1
DEP01679,SRV006,2026-07-04,668,Config,2
DEP01680,SRV002,2026-03-04,1560,Config,3
DEP01681,SRV010,2026-03-27,316,Config,2
DEP01682,SRV005,2026-07-20,1608,Code,2
DEP01683,SRV007,2026-03-27,1209,Config,3
DEP01684,SRV004,2025-01-04,1294,Config,3
DEP01685,SRV001,2025-06-10,666,Rollback,2
DEP01686,SRV008,2025-09-16,1908,Rollback,1
DEP01687,SRV001,2026-01-21,845,Config,2
DEP01688,SRV005,2026-06-05,310,Code,1
DEP01689,SRV007,2026-09-09,1183,Config,2
DEP01690,SRV010,2026-05-27,374,Rollback,4
DEP01691,SRV001,2026-01-14,1436,Rollback,3
DEP01692,SRV008,2026-08-05,2273,Code,2
DEP01693,SRV004,2025-08-11,1985,Config,4
DEP01694,SRV010,2025-06-19,2253,Rollback,2
DEP01695,SRV004,2025-10-30,1012,Config,4
DEP01696,SRV001,2026-04-10,1627,Rollback,4
DEP01697,SRV009,2025-11-21,1699,Rollback,4
DEP01698,SRV008,2026-04-21,1304,Code,2
DEP01699,SRV005,2026-01-15,211,Code,2
DEP01700,SRV007,2025-12-19,491,Config,2
DEP01701,SRV008,2025-08-29,557,Rollback,4
DEP01702,SRV007,2026-02-13,1246,Rollback,1
DEP01703,SRV007,2026-09-01,539,Config,3
DEP01704,SRV005,2025-02-19,2312,Rollback,3
DEP01705,SRV004,2025-03-29,713,Config,4
DEP01706,SRV007,2026-09-01,1254,Code,1
DEP01707,SRV010,2025-12-28,973,Config,4
DEP01708,SRV009,2025-01-21,951,Code,1
DEP01709,SRV005,2026-11-14,1923,Rollback,4
DEP01710,SRV008,2026-07-09,283,Config,1
DEP01711,SRV009,2026-03-31,909,Code,4
DEP01712,SRV004,2025-10-22,35,Config,2
DEP01713,SRV009,2026-10-25,404,Config,3
DEP01714,SRV007,2026-12-09,386,Code,1
DEP01715,SRV007,2025-06-03,1677,Config,1
DEP01716,SRV007,2026-10-12,2300,Code,2
DEP01717,SRV002,2025-11-09,1786,Config,3
DEP01718,SRV009,2026-04-29,2221,Code,1
DEP01719,SRV002,2026-11-24,1064,Config,3
DEP01720,SRV001,2026-06-05,989,Code,2
DEP01721,SRV003,2025-05-21,2141,Config,1
DEP01722,SRV006,2025-06-03,130,Rollback,1
DEP01723,SRV004,2025-08-03,2275,Config,2
DEP01724,SRV010,2025-09-20,241,Code,4
DEP01725,SRV004,2025-06-04,1572,Rollback,3
DEP01726,SRV009,2026-05-05,1332,Config,3
DEP01727,SRV008,2025-02-21,1888,Code,4
DEP01728,SRV004,2025-04-11,1101,Rollback,1
DEP01729,SRV010,2026-08-07,1252,Rollback,4
DEP01730,SRV009,2026-02-20,231,Config,2
DEP01731,SRV008,2026-02-22,68,Rollback,1
DEP01732,SRV001,2026-01-03,2178,Config,3
DEP01733,SRV001,2025-12-24,2130,Config,3
DEP01734,SRV005,2026-07-23,892,Code,3
DEP01735,SRV001,2025-09-08,1523,Code,3
DEP01736,SRV009,2026-01-09,1994,Code,1
DEP01737,SRV004,2025-08-03,522,Code,3
DEP01738,SRV010,2026-01-20,423,Code,1
DEP01739,SRV001,2025-04-12,1272,Code,3
DEP01740,SRV008,2026-04-30,1687,Code,3
DEP01741,SRV005,2025-08-21,1386,Rollback,3
DEP01742,SRV003,2025-01-28,2154,Rollback,1
DEP01743,SRV010,2026-10-21,1579,Rollback,3
DEP01744,SRV001,2025-09-10,1381,Rollback,1
DEP01745,SRV006,2026-07-08,1605,Code,3
DEP01746,SRV009,2026-07-12,515,Rollback,4
DEP01747,SRV010,2026-09-11,1946,Code,3
DEP01748,SRV006,2025-11-30,2323,Config,1
DEP01749,SRV009,2026-02-09,1653,Config,4
DEP01750,SRV002,2026-09-20,1567,Rollback,4
DEP01751,SRV007,2025-03-19,778,Config,1
DEP01752,SRV003,2026-03-04,1170,Rollback,2
DEP01753,SRV006,2025-12-31,521,Config,2
DEP01754,SRV003,2025-09-30,1058,Config,3
DEP01755,SRV003,2026-12-21,1827,Code,2
DEP01756,SRV007,2026-11-04,304,Config,2
DEP01757,SRV007,2026-06-01,1063,Config,1
DEP01758,SRV009,2025-05-23,1379,Rollback,3
DEP01759,SRV001,2026-11-26,7,Code,2
DEP01760,SRV004,2026-04-07,1264,Code,2
DEP01761,SRV009,2025-02-26,2089,Config,2
DEP01762,SRV006,2026-11-29,2292,Code,1
DEP01763,SRV005,2025-08-02,2335,Code,3
DEP01764,SRV005,2025-03-09,79,Rollback,1
DEP01765,SRV008,2026-05-19,319,Code,2
DEP01766,SRV004,2026-04-11,113,Rollback,2
DEP01767,SRV006,2025-05-26,48,Config,1
DEP01768,SRV010,2025-04-29,311,Config,4
DEP01769,SRV003,2025-04-21,537,Rollback,1
DEP01770,SRV001,2025-05-15,264,Rollback,1
DEP01771,SRV005,2026-01-15,2243,Code,1
DEP01772,SRV003,2026-11-11,2144,Config,3
DEP01773,SRV003,2026-12-14,2154,Code,1
DEP01774,SRV001,2025-09-04,1446,Config,4
DEP01775,SRV004,2025-02-05,780,Code,3
DEP01776,SRV009,2025-09-20,1073,Config,3
DEP01777,SRV001,2026-06-10,676,Config,3
DEP01778,SRV009,2025-07-11,2224,Rollback,3
DEP01779,SRV001,2026-04-05,485,Rollback,4
DEP01780,SRV008,2026-11-23,2245,Rollback,1
DEP01781,SRV004,2026-11-11,708,Code,1
DEP01782,SRV001,2026-06-12,1298,Code,1
DEP01783,SRV002,2026-11-04,2344,Rollback,2
DEP01784,SRV009,2026-11-15,397,Config,1
DEP01785,SRV006,2026-01-28,555,Rollback,3
DEP01786,SRV003,2025-01-18,766,Code,1
DEP01787,SRV006,2026-08-09,2150,Code,2
DEP01788,SRV007,2025-09-14,1344,Rollback,4
DEP01789,SRV010,2026-03-01,1363,Config,2
DEP01790,SRV006,2025-02-04,1392,Config,3
DEP01791,SRV008,2025-10-25,2326,Rollback,1
DEP01792,SRV003,2026-05-23,546,Config,2
DEP01793,SRV007,2026-01-28,1096,Rollback,3
DEP01794,SRV007,2026-09-22,1208,Config,3
DEP01795,SRV007,2026-11-02,817,Code,1
DEP01796,SRV010,2026-06-27,3,Config,2
DEP01797,SRV002,2025-01-31,743,Rollback,4
DEP01798,SRV003,2025-09-17,31,Code,4
DEP01799,SRV005,2025-08-08,831,Config,4
DEP01800,SRV006,2025-10-09,903,Config,3
DEP01801,SRV008,2025-03-15,347,Config,2
DEP01802,SRV004,2026-05-19,1512,Config,3
DEP01803,SRV003,2025-02-15,589,Code,2
DEP01804,SRV006,2025-12-20,853,Rollback,4
DEP01805,SRV007,2026-03-09,125,Code,2
DEP01806,SRV006,2025-03-08,158,Config,3
DEP01807,SRV003,2026-08-25,904,Rollback,3
DEP01808,SRV007,2025-02-20,128,Config,4
DEP01809,SRV002,2026-10-06,2020,Config,4
DEP01810,SRV008,2025-09-15,887,Config,1
DEP01811,SRV008,2026-07-23,768,Code,3
DEP01812,SRV006,2025-05-16,2013,Config,3
DEP01813,SRV007,2025-06-19,1105,Config,2
DEP01814,SRV001,2026-12-22,812,Rollback,1
DEP01815,SRV010,2025-09-08,2179,Code,1
DEP01816,SRV006,2026-08-15,778,Rollback,3
DEP01817,SRV004,2025-12-02,1311,Code,3
DEP01818,SRV005,2026-08-14,670,Rollback,1
DEP01819,SRV007,2025-12-09,1189,Config,2
DEP01820,SRV007,2026-10-19,2054,Rollback,4
DEP01821,SRV004,2026-11-21,3,Rollback,3
DEP01822,SRV005,2025-09-22,1665,Config,1
DEP01823,SRV002,2026-10-04,205,Code,1
DEP01824,SRV003,2026-07-09,1506,Code,3
DEP01825,SRV010,2026-11-16,276,Config,4
DEP01826,SRV009,2026-07-09,1934,Rollback,3
DEP01827,SRV010,2026-05-30,1959,Config,4
DEP01828,SRV006,2025-12-20,1440,Config,3
DEP01829,SRV004,2026-09-17,1677,Code,3
DEP01830,SRV006,2025-04-09,1768,Code,3
DEP01831,SRV004,2026-01-27,2132,Config,3
DEP01832,SRV007,2026-09-15,1648,Code,4
DEP01833,SRV003,2025-03-03,94,Code,3
DEP01834,SRV005,2026-12-09,334,Config,2
DEP01835,SRV004,2025-08-16,26,Rollback,4
DEP01836,SRV010,2026-01-07,630,Config,4
DEP01837,SRV005,2026-11-26,669,Config,4
DEP01838,SRV007,2025-01-15,573,Code,3
DEP01839,SRV007,2026-05-17,2270,Code,3
DEP01840,SRV010,2025-06-09,840,Config,2
DEP01841,SRV003,2026-10-08,1283,Code,1
DEP01842,SRV005,2026-12-09,1866,Code,4
DEP01843,SRV005,2026-10-19,1197,Rollback,2
DEP01844,SRV010,2026-09-13,1559,Rollback,2
DEP01845,SRV001,2025-07-22,1974,Code,2
DEP01846,SRV010,2026-09-25,140,Rollback,2
DEP01847,SRV004,2025-12-15,216,Config,2
DEP01848,SRV006,2026-07-06,2140,Config,4
DEP01849,SRV007,2025-02-04,1574,Rollback,1
DEP01850,SRV001,2025-07-30,2104,Rollback,2
DEP01851,SRV003,2026-01-02,1656,Config,1
DEP01852,SRV002,2025-12-29,201,Config,1
DEP01853,SRV009,2026-12-20,1156,Code,1
DEP01854,SRV006,2026-04-13,2301,Rollback,4
DEP01855,SRV007,2026-08-21,1214,Code,3
DEP01856,SRV004,2026-07-28,1993,Code,1
DEP01857,SRV005,2026-10-16,1558,Config,2
DEP01858,SRV010,2025-01-02,121,Rollback,3
DEP01859,SRV004,2026-08-17,36,Config,4
DEP01860,SRV009,2026-10-11,711,Rollback,1
DEP01861,SRV008,2026-07-13,1884,Rollback,1
DEP01862,SRV005,2026-04-04,1920,Config,2
DEP01863,SRV004,2026-12-24,382,Config,2
DEP01864,SRV007,2025-08-05,692,Config,2
DEP01865,SRV002,2025-01-19,365,Code,1
DEP01866,SRV001,2026-07-20,1099,Code,3
DEP01867,SRV006,2026-05-10,1622,Code,2
DEP01868,SRV010,2026-10-26,1105,Code,3
DEP01869,SRV003,2025-02-13,1879,Rollback,3
DEP01870,SRV003,2026-12-01,137,Rollback,2
DEP01871,SRV006,2025-07-30,256,Code,1
DEP01872,SRV005,2026-01-12,1400,Config,2
DEP01873,SRV004,2026-09-26,913,Code,4
DEP01874,SRV010,2026-02-16,1675,Rollback,2
DEP01875,SRV003,2025-08-12,2036,Code,3
DEP01876,SRV002,2025-07-15,972,Rollback,3
DEP01877,SRV005,2026-07-28,1772,Code,2
DEP01878,SRV007,2025-10-18,1291,Code,2
DEP01879,SRV008,2025-09-28,114,Rollback,3
DEP01880,SRV005,2026-09-02,1582,Code,3
DEP01881,SRV010,2025-03-29,1172,Code,4
DEP01882,SRV007,2025-11-29,1819,Code,1
DEP01883,SRV009,2025-10-02,1995,Rollback,2
DEP01884,SRV007,2026-04-13,590,Code,3
DEP01885,SRV010,2026-06-20,1512,Config,3
DEP01886,SRV006,2025-07-26,379,Rollback,4
DEP01887,SRV009,2026-09-02,985,Code,1
DEP01888,SRV007,2025-01-29,193,Code,2
DEP01889,SRV001,2025-09-25,1280,Config,1
DEP01890,SRV004,2025-06-05,1194,Rollback,2
DEP01891,SRV008,2026-04-20,1968,Code,4
DEP01892,SRV005,2025-10-10,1699,Config,1
DEP01893,SRV008,2026-01-11,1477,Code,2
DEP01894,SRV006,2025-10-31,2263,Config,4
DEP01895,SRV004,2026-06-08,1808,Code,3
DEP01896,SRV009,2025-11-19,1566,Code,3
DEP01897,SRV005,2025-08-29,806,Rollback,3
DEP01898,SRV009,2026-12-13,1818,Rollback,3
DEP01899,SRV007,2025-06-30,1239,Rollback,2
DEP01900,SRV008,2026-11-10,1903,Config,1
DEP01901,SRV007,2025-04-04,1049,Code,3
DEP01902,SRV009,2025-10-12,1901,Code,4
DEP01903,SRV004,2025-08-31,39,Config,2
DEP01904,SRV009,2025-02-04,750,Config,1
DEP01905,SRV010,2026-05-07,1472,Rollback,3
DEP01906,SRV004,2026-06-11,1429,Code,2
DEP01907,SRV001,2025-07-24,1604,Config,1
DEP01908,SRV008,2026-01-15,1726,Config,2
DEP01909,SRV007,2025-10-28,660,Code,1
DEP01910,SRV009,2026-01-18,2240,Config,2
DEP01911,SRV009,2026-08-03,1252,Rollback,4
DEP01912,SRV006,2025-11-16,1340,Config,1
DEP01913,SRV009,2026-01-25,1940,Config,2
DEP01914,SRV003,2026-06-30,120,Code,3
DEP01915,SRV009,2025-11-17,1616,Code,2
DEP01916,SRV003,2025-06-01,445,Rollback,1
DEP01917,SRV009,2026-07-27,496,Config,1
DEP01918,SRV010,2026-09-21,456,Rollback,4
DEP01919,SRV002,2026-06-15,688,Config,1
DEP01920,SRV005,2026-08-15,1596,Code,1
DEP01921,SRV005,2026-07-29,20,Config,1
DEP01922,SRV006,2025-01-16,218,Rollback,2
DEP01923,SRV003,2025-04-21,595,Rollback,4
DEP01924,SRV005,2025-06-06,622,Config,2
DEP01925,SRV002,2025-06-07,476,Config,1
DEP01926,SRV010,2026-11-20,857,Code,1
DEP01927,SRV009,2025-11-24,1277,Rollback,2
DEP01928,SRV003,2025-02-26,2246,Rollback,2
DEP01929,SRV006,2025-09-08,227,Config,2
DEP01930,SRV008,2025-04-25,48,Rollback,2
DEP01931,SRV010,2025-03-19,1950,Config,3
DEP01932,SRV005,2025-04-21,177,Code,1
DEP01933,SRV009,2025-09-06,2234,Code,2
DEP01934,SRV007,2026-08-09,2185,Config,3
DEP01935,SRV007,2026-03-31,1349,Code,4
DEP01936,SRV009,2026-03-21,57,Code,4
DEP01937,SRV005,2026-01-21,2199,Rollback,1
DEP01938,SRV005,2025-05-21,2105,Rollback,3
DEP01939,SRV006,2025-06-24,238,Rollback,4
DEP01940,SRV005,2026-11-19,799,Rollback,4
DEP01941,SRV008,2026-08-27,955,Config,2
DEP01942,SRV005,2026-02-02,2296,Config,4
DEP01943,SRV005,2026-08-31,851,Config,1
DEP01944,SRV009,2026-06-15,2141,Code,2
DEP01945,SRV006,2026-03-21,300,Rollback,1
DEP01946,SRV008,2026-11-02,473,Rollback,1
DEP01947,SRV006,2026-02-12,53,Code,4
DEP01948,SRV010,2025-11-22,1076,Rollback,1
DEP01949,SRV001,2025-06-24,800,Config,4
DEP01950,SRV009,2025-07-20,683,Config,4
DEP01951,SRV003,2025-01-23,1011,Config,2
DEP01952,SRV003,2025-11-15,1688,Code,3
DEP01953,SRV008,2025-08-03,1646,Code,2
DEP01954,SRV006,2026-02-05,695,Code,4
DEP01955,SRV008,2025-08-14,121,Config,4
DEP01956,SRV007,2026-12-25,242,Rollback,2
DEP01957,SRV008,2025-12-28,1467,Config,3
DEP01958,SRV003,2026-10-13,937,Code,2
DEP01959,SRV006,2025-02-07,1825,Code,2
DEP01960,SRV004,2026-10-14,1596,Code,3
DEP01961,SRV008,2025-12-06,219,Code,1
DEP01962,SRV009,2025-03-25,1553,Code,2
DEP01963,SRV004,2026-07-23,1917,Code,1
DEP01964,SRV002,2025-01-26,1192,Code,1
DEP01965,SRV006,2025-01-10,721,Rollback,3
DEP01966,SRV002,2025-05-27,296,Config,2
DEP01967,SRV004,2026-08-15,162,Rollback,1
DEP01968,SRV004,2025-09-23,2142,Code,3
DEP01969,SRV002,2025-02-16,2248,Code,4
DEP01970,SRV005,2026-12-20,1700,Rollback,4
DEP01971,SRV010,2026-02-10,1981,Code,4
DEP01972,SRV010,2025-07-01,88,Config,2
DEP01973,SRV005,2025-09-04,1994,Code,2
DEP01974,SRV001,2026-10-09,277,Config,4
DEP01975,SRV001,2026-05-17,1532,Rollback,2
DEP01976,SRV002,2026-06-24,486,Config,4
DEP01977,SRV004,2025-02-13,2197,Rollback,3
DEP01978,SRV009,2025-03-29,1855,Code,3
DEP01979,SRV006,2026-07-23,2136,Config,3
DEP01980,SRV001,2025-04-19,1452,Rollback,2
DEP01981,SRV004,2025-12-03,1834,Code,2
DEP01982,SRV001,2025-01-09,136,Rollback,2
DEP01983,SRV008,2025-09-15,1862,Config,4
DEP01984,SRV009,2025-06-11,1959,Rollback,3
DEP01985,SRV006,2026-04-21,942,Rollback,4
DEP01986,SRV003,2026-10-05,1644,Code,1
DEP01987,SRV006,2025-06-02,1262,Rollback,2
DEP01988,SRV007,2025-12-12,1945,Rollback,2
DEP01989,SRV002,2025-11-08,954,Config,1
DEP01990,SRV009,2026-08-27,664,Code,2
DEP01991,SRV001,2025-11-17,2151,Rollback,4
DEP01992,SRV002,2026-03-03,2307,Rollback,2
DEP01993,SRV001,2025-03-08,745,Config,1
DEP01994,SRV008,2026-06-01,806,Code,3
DEP01995,SRV006,2026-01-15,571,Code,2
DEP01996,SRV005,2025-09-17,794,Rollback,1
DEP01997,SRV006,2025-04-19,1425,Config,2
DEP01998,SRV006,2026-12-14,2351,Rollback,3
DEP01999,SRV005,2025-03-21,723,Config,3
DEP02000,SRV009,2025-01-01,599,Config,2
DEP02001,SRV004,2026-11-20,2315,Config,2
DEP02002,SRV006,2026-10-18,2140,Rollback,3
DEP02003,SRV001,2025-09-24,244,Config,4
DEP02004,SRV005,2026-01-21,1374,Code,4
DEP02005,SRV003,2025-04-26,1740,Config,2
DEP02006,SRV007,2026-04-04,1362,Config,3
DEP02007,SRV008,2026-12-16,1872,Config,4
DEP02008,SRV002,2025-03-13,922,Rollback,2
DEP02009,SRV009,2026-05-27,2354,Config,1
DEP02010,SRV002,2026-12-14,72,Rollback,2
DEP02011,SRV007,2025-08-19,1697,Code,3
DEP02012,SRV005,2026-05-20,2123,Config,4
DEP02013,SRV009,2026-10-21,1630,Code,2
DEP02014,SRV009,2026-11-03,670,Code,2
DEP02015,SRV007,2026-03-03,2040,Code,3
DEP02016,SRV010,2025-03-22,698,Code,1
DEP02017,SRV008,2026-08-12,1626,Rollback,4
DEP02018,SRV009,2026-04-22,1669,Rollback,3
DEP02019,SRV003,2025-07-19,834,Code,4
DEP02020,SRV006,2026-12-09,68,Code,4
DEP02021,SRV010,2025-07-04,2202,Rollback,1
DEP02022,SRV001,2026-09-14,838,Code,1
DEP02023,SRV006,2026-11-21,925,Rollback,4
DEP02024,SRV010,2025-02-07,235,Code,1
DEP02025,SRV004,2025-05-13,2123,Rollback,4
DEP02026,SRV004,2026-04-17,245,Config,2
DEP02027,SRV007,2025-10-21,677,Rollback,4
DEP02028,SRV001,2026-04-14,344,Code,1
DEP02029,SRV003,2026-09-10,890,Code,3
DEP02030,SRV006,2025-06-25,771,Rollback,3
DEP02031,SRV002,2025-07-16,287,Rollback,2
DEP02032,SRV001,2026-12-25,1225,Code,4
DEP02033,SRV004,2026-08-19,924,Rollback,4
DEP02034,SRV009,2025-10-07,2067,Rollback,1
DEP02035,SRV007,2025-06-26,629,Code,1
DEP02036,SRV008,2025-08-31,294,Code,2
DEP02037,SRV006,2026-02-12,1832,Rollback,3
DEP02038,SRV004,2025-01-15,501,Code,2
DEP02039,SRV008,2026-09-13,1819,Rollback,2
DEP02040,SRV003,2025-06-24,1016,Config,4
DEP02041,SRV001,2026-11-14,1880,Code,1
DEP02042,SRV004,2026-05-04,2336,Rollback,4
DEP02043,SRV008,2025-11-01,956,Config,4
DEP02044,SRV006,2026-09-02,1601,Rollback,1
DEP02045,SRV007,2025-05-10,1290,Config,4
DEP02046,SRV010,2025-02-03,2180,Rollback,3
DEP02047,SRV008,2026-02-07,42,Rollback,4
DEP02048,SRV003,2025-11-28,1087,Code,1
DEP02049,SRV006,2026-01-01,257,Rollback,4
DEP02050,SRV006,2025-05-30,2320,Code,2
DEP02051,SRV008,2026-05-22,268,Code,2
DEP02052,SRV010,2026-11-12,907,Rollback,4
DEP02053,SRV003,2026-07-30,2221,Rollback,3
DEP02054,SRV008,2025-07-01,2159,Code,4
DEP02055,SRV008,2025-04-08,80,Config,3
DEP02056,SRV005,2026-07-19,971,Code,3
DEP02057,SRV008,2026-07-18,1123,Rollback,4
DEP02058,SRV003,2026-10-01,173,Config,1
DEP02059,SRV006,2026-08-07,188,Rollback,4
DEP02060,SRV006,2025-06-05,1866,Rollback,2
DEP02061,SRV006,2025-07-23,928,Config,4
DEP02062,SRV003,2026-01-19,30,Config,2
DEP02063,SRV004,2026-12-09,97,Code,1
DEP02064,SRV009,2026-10-23,1037,Code,2
DEP02065,SRV006,2026-05-02,114,Rollback,4
DEP02066,SRV007,2026-07-06,1443,Config,3
DEP02067,SRV004,2026-05-18,1602,Rollback,3
DEP02068,SRV002,2025-04-25,472,Code,2
DEP02069,SRV003,2026-12-13,2098,Rollback,2
DEP02070,SRV001,2026-11-04,1619,Rollback,2
DEP02071,SRV003,2025-08-15,1211,Rollback,1
DEP02072,SRV010,2025-02-24,1725,Config,1
DEP02073,SRV007,2025-12-23,1788,Rollback,1
DEP02074,SRV004,2026-07-30,2098,Rollback,3
DEP02075,SRV001,2025-04-17,1,Config,4
DEP02076,SRV002,2025-11-18,1809,Code,2
DEP02077,SRV008,2025-10-26,886,Code,4
DEP02078,SRV005,2026-10-23,709,Code,1
DEP02079,SRV002,2025-01-18,1261,Config,2
DEP02080,SRV001,2026-10-14,794,Config,2
DEP02081,SRV003,2025-12-18,1560,Rollback,2
DEP02082,SRV005,2026-10-02,252,Code,1
DEP02083,SRV005,2025-06-14,232,Rollback,1
DEP02084,SRV006,2025-11-05,2185,Rollback,2
DEP02085,SRV002,2025-01-10,1775,Rollback,1
DEP02086,SRV005,2026-03-13,2240,Code,3
DEP02087,SRV007,2025-11-08,1330,Code,2
DEP02088,SRV005,2026-10-23,580,Rollback,3
DEP02089,SRV006,2026-03-28,2221,Rollback,2
DEP02090,SRV009,2025-10-09,1321,Code,3
DEP02091,SRV010,2026-08-08,648,Code,4
DEP02092,SRV001,2025-01-20,601,Rollback,4
DEP02093,SRV007,2025-04-21,1812,Config,1
DEP02094,SRV005,2026-11-26,1479,Config,2
DEP02095,SRV001,2025-11-03,2198,Rollback,3
DEP02096,SRV010,2025-09-07,1446,Config,2
DEP02097,SRV006,2025-07-11,2032,Rollback,1
DEP02098,SRV004,2025-11-05,783,Rollback,1
DEP02099,SRV009,2026-03-23,2010,Rollback,1
DEP02100,SRV007,2026-11-15,1593,Config,1
DEP02101,SRV009,2025-02-13,63,Code,4
DEP02102,SRV001,2025-11-06,625,Config,3
DEP02103,SRV004,2025-07-06,555,Config,3
DEP02104,SRV001,2026-12-18,503,Rollback,4
DEP02105,SRV008,2026-09-18,1632,Config,4
DEP02106,SRV008,2025-10-23,817,Config,2
DEP02107,SRV002,2026-03-26,1727,Config,2
DEP02108,SRV009,2025-10-05,743,Config,2
DEP02109,SRV009,2026-06-27,22,Rollback,2
DEP02110,SRV002,2025-12-09,1669,Config,1
DEP02111,SRV001,2026-10-08,1996,Code,3
DEP02112,SRV001,2026-07-11,945,Config,3
DEP02113,SRV003,2026-03-16,1692,Code,4
DEP02114,SRV004,2025-01-12,1772,Code,2
DEP02115,SRV006,2025-01-13,546,Config,3
DEP02116,SRV007,2025-01-20,937,Config,3
DEP02117,SRV005,2025-10-19,551,Code,4
DEP02118,SRV001,2026-06-18,1185,Rollback,3
DEP02119,SRV002,2026-06-08,129,Config,4
DEP02120,SRV009,2026-01-19,1306,Rollback,1
DEP02121,SRV003,2025-12-22,185,Rollback,3
DEP02122,SRV005,2026-04-22,2263,Code,3
DEP02123,SRV003,2026-10-27,1088,Rollback,1
DEP02124,SRV006,2026-09-06,278,Config,4
DEP02125,SRV003,2026-01-04,1999,Config,4
DEP02126,SRV003,2026-02-17,2294,Config,3
DEP02127,SRV002,2026-11-19,1110,Code,3
DEP02128,SRV005,2026-01-26,437,Rollback,3
DEP02129,SRV009,2025-04-02,1582,Rollback,3
DEP02130,SRV008,2026-12-31,1187,Rollback,2
DEP02131,SRV002,2026-01-02,1596,Rollback,3
DEP02132,SRV005,2025-06-25,836,Code,1
DEP02133,SRV010,2025-09-13,1905,Code,3
DEP02134,SRV010,2025-05-27,1535,Code,2
DEP02135,SRV005,2025-02-16,848,Code,1
DEP02136,SRV005,2025-06-22,1154,Rollback,1
DEP02137,SRV008,2025-12-24,1536,Config,3
DEP02138,SRV007,2025-02-18,542,Rollback,3
DEP02139,SRV001,2025-07-25,1763,Config,3
DEP02140,SRV003,2026-12-24,324,Code,2
DEP02141,SRV007,2026-10-29,1395,Code,1
DEP02142,SRV010,2025-11-16,29,Rollback,1
DEP02143,SRV002,2026-02-17,2211,Rollback,2
DEP02144,SRV006,2026-08-29,140,Code,3
DEP02145,SRV008,2025-12-20,349,Config,3
DEP02146,SRV009,2025-05-06,2269,Code,1
DEP02147,SRV004,2026-06-05,1600,Config,4
DEP02148,SRV005,2025-04-20,160,Code,4
DEP02149,SRV005,2026-12-03,1035,Rollback,3
DEP02150,SRV004,2026-09-22,1148,Rollback,1
DEP02151,SRV010,2025-05-09,80,Config,3
DEP02152,SRV007,2026-02-21,223,Code,1
DEP02153,SRV005,2025-06-01,947,Config,1
DEP02154,SRV010,2026-10-18,179,Config,1
DEP02155,SRV001,2025-11-12,1676,Rollback,2
DEP02156,SRV009,2025-01-23,2045,Config,4
DEP02157,SRV002,2026-04-20,291,Rollback,2
DEP02158,SRV006,2026-12-13,1444,Code,3
DEP02159,SRV002,2026-05-29,1647,Code,2
DEP02160,SRV004,2026-10-01,257,Config,4
DEP02161,SRV007,2025-01-17,1827,Config,2
DEP02162,SRV008,2025-12-04,62,Config,1
DEP02163,SRV009,2025-09-04,188,Config,2
DEP02164,SRV007,2026-10-10,2063,Rollback,3
DEP02165,SRV009,2026-01-27,1695,Config,3
DEP02166,SRV003,2025-12-21,576,Code,2
DEP02167,SRV003,2026-06-11,912,Config,1
DEP02168,SRV009,2026-07-11,1572,Config,3
DEP02169,SRV003,2026-01-18,1891,Config,3
DEP02170,SRV001,2025-06-17,83,Code,1
DEP02171,SRV002,2026-02-02,1099,Config,2
DEP02172,SRV008,2026-01-15,1077,Config,1
DEP02173,SRV003,2026-12-19,1391,Code,1
DEP02174,SRV001,2025-06-24,129,Code,1
DEP02175,SRV002,2026-10-18,182,Code,2
DEP02176,SRV010,2026-11-24,2088,Rollback,4
DEP02177,SRV006,2026-08-01,2210,Config,3
DEP02178,SRV005,2025-06-19,1459,Config,3
DEP02179,SRV001,2026-08-21,1184,Code,1
DEP02180,SRV010,2026-09-12,1382,Code,2
DEP02181,SRV009,2025-04-05,1432,Rollback,4
DEP02182,SRV006,2025-11-01,1091,Code,3
DEP02183,SRV001,2026-10-30,61,Code,2
DEP02184,SRV008,2026-05-17,211,Rollback,4
DEP02185,SRV007,2025-12-24,1202,Rollback,2
DEP02186,SRV005,2026-08-25,574,Config,2
DEP02187,SRV003,2026-03-31,1743,Rollback,4
DEP02188,SRV007,2026-05-16,1190,Rollback,3
DEP02189,SRV002,2025-12-25,1723,Rollback,3
DEP02190,SRV005,2025-08-29,1967,Config,2
DEP02191,SRV003,2025-04-08,607,Rollback,1
DEP02192,SRV001,2026-04-23,653,Config,2
DEP02193,SRV002,2025-03-12,73,Rollback,3
DEP02194,SRV002,2025-11-11,602,Rollback,1
DEP02195,SRV010,2026-07-16,805,Config,2
DEP02196,SRV005,2026-04-21,51,Rollback,1
DEP02197,SRV009,2025-04-26,2012,Rollback,4
DEP02198,SRV008,2025-03-07,2112,Config,1
DEP02199,SRV010,2026-02-15,611,Config,4
DEP02200,SRV010,2025-05-31,2067,Code,2
DEP02201,SRV005,2025-12-04,2216,Config,4
DEP02202,SRV003,2025-09-18,456,Code,1
DEP02203,SRV006,2026-08-21,1740,Config,3
DEP02204,SRV010,2025-01-16,689,Rollback,4
DEP02205,SRV003,2026-11-09,729,Config,4
DEP02206,SRV006,2025-02-24,2185,Rollback,2
DEP02207,SRV005,2026-05-10,1408,Rollback,3
DEP02208,SRV001,2025-12-11,1033,Rollback,2
DEP02209,SRV005,2026-02-19,2301,Rollback,3
DEP02210,SRV007,2026-02-25,1891,Config,2
DEP02211,SRV007,2026-05-09,2298,Code,1
DEP02212,SRV006,2025-06-16,1470,Code,4
DEP02213,SRV007,2025-10-18,1275,Rollback,2
DEP02214,SRV010,2026-10-26,1647,Config,3
DEP02215,SRV010,2026-11-06,1623,Code,1
DEP02216,SRV003,2025-04-18,1905,Config,1
DEP02217,SRV009,2025-10-24,600,Code,4
DEP02218,SRV005,2026-05-13,2241,Config,3
DEP02219,SRV006,2025-04-24,251,Config,4
DEP02220,SRV008,2026-01-04,924,Rollback,2
DEP02221,SRV009,2025-04-13,1130,Rollback,2
DEP02222,SRV003,2026-09-13,1354,Config,4
DEP02223,SRV008,2025-08-12,484,Code,2
DEP02224,SRV005,2025-07-17,2001,Code,3
DEP02225,SRV002,2026-02-18,2316,Rollback,2
DEP02226,SRV003,2025-09-20,538,Rollback,1
DEP02227,SRV009,2026-06-17,1880,Rollback,1
DEP02228,SRV007,2025-02-14,957,Code,2
DEP02229,SRV010,2025-06-08,1994,Rollback,2
DEP02230,SRV009,2026-08-01,1325,Code,1
DEP02231,SRV009,2025-09-26,662,Config,2
DEP02232,SRV007,2026-09-07,1722,Code,1
DEP02233,SRV001,2025-03-18,1329,Code,1
DEP02234,SRV007,2026-05-26,2023,Config,2
DEP02235,SRV003,2025-04-07,496,Code,2
DEP02236,SRV005,2025-03-10,1425,Config,1
DEP02237,SRV009,2026-12-27,309,Code,3
DEP02238,SRV003,2025-06-13,939,Code,3
DEP02239,SRV004,2025-06-20,1658,Code,4
DEP02240,SRV008,2026-01-29,1480,Code,3
DEP02241,SRV006,2026-10-22,2342,Code,2
DEP02242,SRV010,2026-05-14,374,Rollback,3
DEP02243,SRV004,2025-02-06,191,Config,3
DEP02244,SRV002,2026-08-31,173,Config,4
DEP02245,SRV004,2026-04-11,1125,Config,2
DEP02246,SRV002,2025-12-04,1522,Config,1
DEP02247,SRV003,2025-01-14,1922,Config,2
DEP02248,SRV006,2026-05-15,379,Rollback,1
DEP02249,SRV007,2026-07-23,2071,Rollback,3
DEP02250,SRV006,2026-03-30,2167,Rollback,4
